Retire,Invest,Educ,Mortgage,LOC,GENDER,MARITAL,CHILDREN,WORKING,sincelast,Transactions,TimeYears,lasttrans,current,CustomerID,HighMonVal,Cluster,AgeRange,Recency_score,Frequency_score,Monetary_score,RFM_score,Churn
,No,No,Yes,No,Female,Widowed,No,Yes,2.578249471,21,6,137.1653041,1,1,Yes,Standard,17 to 22,4,2,2,422,F
,No,Yes,No,No,Female,Separated,No,Yes,2.585128895,20,8,72.99790435,1,2,Yes,Standard,17 to 22,4,1,3,413,F
1,No,Yes,Yes,No,Male,Single,No,Yes,3.322876974,23,13,105.1566502,1,3,No,Standard,17 to 22,4,2,3,423,F
1,No,No,No,No,Female,Widowed,No,Yes,2.299690299,17,7,75.5306188,1,4,Yes,Standard,17 to 22,5,2,3,523,F
1,No,No,No,No,Female,Separated,No,Yes,0.144644928,14,13,86.580787,1,5,No,Standard,17 to 22,5,1,5,515,F
1,No,No,Yes,Yes,Male,Single,No,No,0.635075722,19,11,122.0749134,1,6,No,Standard,17 to 22,5,3,4,534,F
1,No,No,No,No,Female,Single,No,No,1.281677854,16,8,128.5476821,1,7,Yes,Standard,17 to 22,5,1,5,515,F
1,No,No,No,No,Female,Widowed,No,No,2.406835473,18,10,136.6843019,1,8,No,Standard,17 to 22,5,2,3,523,F
1,No,No,Yes,Yes,Female,Single,No,No,2.767675898,20,6,78.15620955,1,9,Yes,Standard,17 to 22,4,1,3,413,F
1,No,No,No,No,Female,Single,No,No,1.096197298,18,8,103.6196269,1,10,Yes,Standard,17 to 22,5,2,2,522,F
1,No,No,No,No,Female,Single,No,No,1.995764455,15,12,74.66499874,1,11,No,Standard,17 to 22,5,1,4,514,F
1,No,No,Yes,No,Female,Single,No,No,9.144272036,94,6,83.79781782,1,12,Yes,Platnum,17 to 22,1,1,3,113,T
1,No,No,No,No,Male,Widowed,No,No,4.177303782,20,7,95.22304824,1,13,Yes,Standard,17 to 22,4,1,2,412,F
1,No,No,Yes,Yes,Female,Single,No,No,1.45083497,14,6,22.98095618,1,14,No,Standard,17 to 22,5,1,3,513,F
1,No,No,No,No,Male,Single,No,No,2.683822158,22,9,86.20961959,1,15,Yes,Standard,17 to 22,4,2,1,421,F
1,No,No,No,No,Male,Single,No,No,2.129014365,20,7,70.5895994,1,16,No,Standard,17 to 22,5,3,1,531,F
1,No,No,No,No,Male,Single,No,No,1.885019784,21,4,116.9414213,1,17,No,Standard,17 to 22,5,3,3,533,F
1,No,No,Yes,No,Female,Single,No,No,0.452598026,25,13,72.589007,1,18,No,Standard,17 to 22,5,4,4,544,F
1,No,No,No,Yes,Male,Single,No,No,2.199761261,22,5,92.73466755,1,19,No,Standard,17 to 22,5,4,1,541,F
1,No,No,No,Yes,Female,Single,No,No,3.5128024,18,10,104.1179353,1,20,Yes,Standard,17 to 22,4,1,3,413,F
1,No,No,No,No,Female,Single,No,No,1.719774335,27,8,149.4359122,1,21,Yes,Standard,17 to 22,5,4,2,542,F
1,No,No,No,No,Male,Single,No,No,0.572100511,21,8,130.3687379,1,22,No,Standard,17 to 22,5,3,2,532,F
1,No,No,No,No,Female,Widowed,No,No,2.47049429,17,9,178.407381,1,23,Yes,Standard,17 to 22,5,2,4,524,F
1,No,Yes,Yes,No,Female,Single,No,No,1.946964089,29,13,99.98356477,1,24,No,Standard,17 to 22,5,4,1,541,F
1,No,No,Yes,No,Male,Married,No,Yes,1.032130425,17,11,123.7424048,1,25,Yes,Standard,17 to 22,5,2,5,525,F
1,No,No,Yes,No,Male,Widowed,No,Yes,4.010409812,19,10,73.17647608,1,26,No,Standard,17 to 22,4,1,2,412,F
1,No,No,No,No,Female,Widowed,Yes,Yes,2.342791566,23,10,49.51744749,1,27,No,Standard,17 to 22,5,4,2,542,F
1,No,No,Yes,No,Female,Separated,No,Yes,0.590741022,22,10,110.2779982,1,28,Yes,Standard,17 to 22,5,4,1,541,F
1,No,No,Yes,No,Female,Separated,Yes,Yes,5.88780314,54,8,65.8184177,1,29,Yes,Gold,17 to 22,2,2,3,223,T
1,No,No,No,No,Male,Separated,No,Yes,2.808678749,22,12,126.1098743,1,30,No,Standard,17 to 22,4,2,2,422,F
1,No,No,No,No,Female,Single,No,Yes,1.630970913,14,10,109.6108544,1,31,Yes,Standard,17 to 22,5,1,3,513,F
1,No,No,No,Yes,Female,Widowed,No,Yes,2.584643817,22,7,114.8738383,1,32,No,Standard,17 to 22,4,2,4,424,F
1,No,No,No,Yes,Female,Single,No,Yes,3.871736703,18,8,62.15136918,1,33,No,Standard,17 to 22,4,1,4,414,F
1,No,No,Yes,No,Female,Separated,No,Yes,3.323225535,16,6,64.43038001,1,34,No,Standard,17 to 22,4,1,3,413,F
1,No,No,No,No,Male,Single,No,Yes,0.131244748,19,13,129.0263805,1,35,No,Standard,17 to 22,5,3,5,535,F
1,No,No,No,No,Male,Single,No,Yes,2.687794381,20,6,75.08671005,1,36,No,Standard,17 to 22,4,1,3,413,F
1,No,No,No,No,Male,Single,Yes,Yes,1.634342736,23,8,125.6626143,1,37,No,Standard,17 to 22,5,4,1,541,F
1,No,No,No,No,Female,Single,Yes,Yes,1.338897616,25,8,47.94906125,1,38,No,Standard,17 to 22,5,4,2,542,F
1,No,No,No,No,Female,Single,Yes,Yes,2.584756817,17,11,84.12060844,1,39,No,Standard,17 to 22,4,1,3,413,F
1,No,No,No,No,Male,Single,No,Yes,0.095878207,24,11,117.05001,1,40,No,Standard,17 to 22,5,4,4,544,F
1,No,No,Yes,No,Female,Single,No,Yes,2.537126943,19,5,115.0432893,1,41,Yes,Standard,17 to 22,4,1,2,412,F
1,No,No,No,No,Male,Married,No,Yes,3.193715547,26,13,86.17427631,1,42,Yes,Standard,17 to 22,4,2,1,421,F
1,No,No,No,No,Female,Widowed,No,Yes,1.63009964,23,2,54.0856592,1,43,No,Standard,17 to 22,5,4,3,543,F
1,No,No,No,No,Male,Separated,No,Yes,3.25326003,20,15,80.09578121,1,44,No,Standard,17 to 22,4,1,5,415,F
1,No,No,No,No,Male,Widowed,No,Yes,3.3724132,12,2,107.553738,1,45,No,Standard,17 to 22,4,1,4,414,F
1,No,No,Yes,Yes,Male,Single,No,Yes,3.088866818,24,12,118.1502908,1,46,No,Standard,17 to 22,4,2,5,425,F
1,No,No,No,No,Female,Single,Yes,Yes,0.07842955,16,12,82.18676491,1,47,No,Standard,17 to 22,5,1,3,513,F
1,No,No,No,Yes,Male,Single,Yes,Yes,2.443993558,14,5,46.85373031,1,48,Yes,Standard,17 to 22,5,1,2,512,F
1,No,No,No,No,Male,Single,Yes,Yes,2.259256906,23,6,117.3288684,1,49,,Standard,17 to 22,5,4,1,541,F
1,No,No,Yes,No,Female,Separated,No,Yes,5.632467448,41,8,115.8235671,1,50,Yes,Premium,17 to 22,3,1,2,312,T
1,No,No,No,No,Male,Married,No,Yes,3.115020521,24,9,130.3709477,1,51,Yes,Standard,17 to 22,4,2,3,423,F
1,No,No,No,Yes,Male,Widowed,No,Yes,2.735375384,22,10,88.84210994,1,52,Yes,Standard,17 to 22,4,2,2,422,F
1,No,No,Yes,No,Female,Single,No,Yes,3.900137364,21,11,86.16416377,1,53,No,Standard,17 to 22,4,2,4,424,F
1,No,No,Yes,No,Male,Widowed,No,Yes,1.946710884,20,7,121.5612958,1,54,Yes,Standard,17 to 22,5,3,1,531,F
1,No,Yes,No,No,Male,Married,No,Yes,5.554850235,47,8,111.2709367,1,55,No,Premium,17 to 22,3,2,1,321,T
1,No,No,No,No,Female,Separated,No,Yes,2.941325863,19,2,81.91176676,1,56,Yes,Standard,17 to 22,4,1,3,413,F
1,No,No,No,No,Female,Divorced,No,Yes,3.189728611,16,2,116.4516797,1,57,Yes,Standard,17 to 22,4,1,2,412,F
1,No,No,Yes,No,Male,Separated,No,Yes,6.184130149,45,12,87.00614536,1,58,No,Premium,17 to 22,2,1,2,212,T
1,No,No,Yes,No,Female,Separated,No,Yes,1.254963704,18,9,78.13937766,1,59,Yes,Standard,17 to 22,5,2,5,525,F
1,No,No,No,No,Female,Married,No,Yes,2.720105656,21,6,79.26072211,1,60,Yes,Standard,40 to 60,4,2,2,422,F
1,No,No,No,No,Female,Separated,No,Yes,2.820636483,21,9,135.1239718,1,61,No,Standard,60 to 70,4,2,1,421,F
1,No,No,Yes,Yes,Male,Single,No,Yes,3.419029828,17,15,109.684566,1,62,Yes,Standard,60 to 70,4,1,1,411,F
1,Yes,No,No,Yes,Male,Separated,No,Yes,4.624460301,79,5,55.22202644,1,63,Yes,Platnum,23 to 30,3,5,3,353,T
1,No,No,Yes,No,Male,Single,No,Yes,2.060774407,22,10,88.35850569,1,64,No,Standard,23 to 30,5,4,2,542,F
1,No,No,Yes,No,Female,Single,No,Yes,0.095265654,21,12,93.21891374,1,65,No,Standard,60 to 70,5,3,3,533,F
1,No,No,No,No,Female,Single,No,Yes,1.518693547,18,12,109.3225608,1,66,Yes,Standard,40 to 60,5,2,1,521,F
1,No,No,Yes,No,Female,Single,No,Yes,2.424882347,21,6,57.76648361,1,67,Yes,Standard,31 to 40,5,3,2,532,F
1,No,No,Yes,No,Female,Widowed,No,Yes,7.830393911,64,9,92.95871191,1,68,Yes,Platnum,40 to 60,2,2,4,224,T
1,No,No,No,No,Female,Single,No,Yes,2.201907738,19,3,163.6119085,1,69,No,Standard,31 to 40,5,3,1,531,F
1,No,No,No,No,Female,Widowed,No,Yes,3.069792732,18,9,95.28419099,1,70,No,Standard,40 to 60,4,1,4,414,F
1,No,No,No,No,Male,Widowed,No,Yes,1.460083924,21,16,113.6067907,1,71,Yes,Standard,17 to 22,5,3,4,534,F
1,No,Yes,No,Yes,Female,Separated,No,Yes,5.884328285,84,5,97.85541426,1,72,Yes,Platnum,23 to 30,2,4,5,245,T
1,No,No,Yes,No,Female,Divorced,No,Yes,1.832375505,20,11,104.0877396,1,73,No,Standard,17 to 22,5,3,2,532,F
1,No,No,No,No,Female,Married,No,Yes,1.36388575,20,8,62.01499402,1,74,Yes,Standard,31 to 40,5,3,5,535,F
1,No,No,No,No,Male,Divorced,No,Yes,1.326283303,22,10,151.0212666,1,75,Yes,Standard,17 to 22,5,4,3,543,F
1,No,No,Yes,Yes,Male,Separated,No,Yes,1.856002718,19,9,127.9085506,1,76,Yes,Standard,17 to 22,5,3,4,534,F
1,No,No,No,No,Male,Separated,No,Yes,1.971731882,15,4,78.89181682,1,77,No,Standard,31 to 40,5,1,1,511,F
1,No,No,Yes,No,Male,Separated,No,Yes,2.078108642,17,8,58.60791738,1,78,No,Standard,23 to 30,5,2,5,525,F
1,No,No,No,No,Female,Married,No,Yes,0.132735484,17,8,154.9133957,1,79,No,Standard,31 to 40,5,2,2,522,F
1,No,Yes,No,No,Female,Widowed,No,Yes,6.395352574,34,7,102.1021108,1,80,No,Premium,31 to 40,2,1,2,212,T
1,No,No,No,No,Female,Widowed,No,Yes,2.125831095,20,5,105.9510274,1,81,Yes,Standard,40 to 60,5,3,2,532,F
1,No,No,No,No,Male,Widowed,No,Yes,1.041477752,18,13,57.82986348,1,82,Yes,Standard,17 to 22,5,2,5,525,F
1,No,No,No,No,Male,Single,No,Yes,0.220055649,13,7,123.7256719,1,83,No,Standard,23 to 30,5,1,1,511,F
1,No,No,No,No,Female,Divorced,No,Yes,2.018128592,19,7,157.7545967,1,84,No,Standard,31 to 40,5,3,5,535,F
1,No,No,No,No,Female,Married,No,Yes,3.439185296,20,7,94.97243163,1,85,Yes,Standard,31 to 40,4,1,1,411,F
1,No,No,No,No,Male,Married,No,Yes,2.638366509,22,9,101.6320987,1,86,No,Standard,40 to 60,4,2,3,423,F
1,No,No,No,No,Male,Separated,No,Yes,3.781913455,19,11,113.6202691,1,87,Yes,Standard,23 to 30,4,1,2,412,F
1,No,No,No,No,Female,Divorced,No,Yes,2.042331544,16,13,98.47944891,1,88,No,Standard,23 to 30,5,1,2,512,F
1,No,No,No,No,Male,Widowed,No,Yes,0.405293476,18,7,96.94491971,1,89,,Standard,31 to 40,5,2,2,522,F
1,No,No,No,No,Female,Separated,No,Yes,1.992863967,19,12,66.54504724,1,90,No,Standard,23 to 30,5,3,2,532,F
1,No,No,No,No,Male,Separated,No,Yes,0.222050257,17,6,74.60557018,1,91,No,Standard,60 to 70,5,2,2,522,F
1,No,No,No,No,Male,Separated,No,Yes,2.148656569,20,11,71.80888283,1,92,No,Standard,17 to 22,5,3,5,535,F
1,No,No,Yes,No,Female,Separated,Yes,Yes,8.727150527,137,9,100.4368543,1,93,No,Silver,31 to 40,1,4,1,141,T
1,No,No,Yes,Yes,Male,Married,Yes,Yes,16.0123169,143,8,131.5224935,1,94,No,Silver,23 to 30,1,5,3,153,T
1,No,No,No,No,Male,Divorced,Yes,Yes,0.302148906,18,13,142.5391818,1,95,No,Standard,23 to 30,5,2,4,524,F
1,No,No,No,No,Male,Widowed,No,Yes,1.826129496,15,6,91.96302604,1,96,Yes,Standard,31 to 40,5,1,1,511,F
1,No,No,No,Yes,Female,Married,No,Yes,2.618379503,21,8,66.14694855,1,97,,Standard,40 to 60,4,2,4,424,F
1,No,No,No,No,Female,Single,No,Yes,2.008958809,20,8,67.1425354,1,98,No,Standard,23 to 30,5,3,4,534,F
1,No,No,No,No,Male,Single,No,Yes,2.022681686,15,4,115.142668,1,99,No,Standard,40 to 60,5,1,1,511,F
1,No,No,No,No,Male,Single,No,Yes,3.219160809,41,8,127.4324374,1,100,No,Premium,31 to 40,4,3,4,434,F
1,No,No,Yes,Yes,Female,Single,No,Yes,2.218278581,17,7,104.3680059,1,101,Yes,Standard,31 to 40,5,2,2,522,F
1,No,No,Yes,No,Female,Single,No,Yes,2.750267078,21,8,127.5435055,1,102,No,Standard,23 to 30,4,2,3,423,F
1,No,No,No,No,Female,Widowed,No,Yes,2.963227539,18,11,125.50741,1,103,No,Standard,17 to 22,4,1,4,414,F
1,No,No,No,No,Male,Divorced,No,Yes,3.501984579,24,12,108.1496381,1,104,,Standard,31 to 40,4,2,4,424,F
1,No,No,Yes,No,Female,Separated,No,Yes,3.276625212,16,8,90.03091221,1,105,No,Standard,40 to 60,4,1,4,414,F
1,No,No,Yes,No,Male,Single,No,Yes,2.583097545,41,5,66.71434028,1,106,Yes,Premium,23 to 30,4,3,3,433,F
1,No,No,No,No,Male,Married,No,Yes,2.838716421,21,9,69.22454813,1,107,Yes,Standard,40 to 60,4,2,3,423,F
1,No,No,No,No,Male,Married,No,Yes,1.910064782,17,6,87.88348114,1,108,No,Standard,31 to 40,5,2,1,521,F
1,No,No,Yes,No,Male,Married,No,Yes,1.319941221,21,10,75.77537356,1,109,Yes,Standard,17 to 22,5,3,1,531,F
1,No,No,No,No,Male,Widowed,No,Yes,1.601815241,21,10,110.0169239,1,110,Yes,Standard,40 to 60,5,3,5,535,F
1,No,Yes,Yes,No,Male,Single,No,Yes,0.631387684,14,6,76.93309604,1,111,Yes,Standard,60 to 70,5,1,5,515,F
1,No,No,No,No,Male,Divorced,No,Yes,0.374380841,16,10,75.18276448,1,112,Yes,Standard,23 to 30,5,1,4,514,F
1,No,No,No,No,Male,Separated,No,Yes,0.254597681,17,13,145.7493398,1,113,Yes,Standard,60 to 70,5,2,5,525,F
1,No,No,Yes,Yes,Male,Widowed,No,Yes,2.499093525,17,14,80.71793712,1,114,Yes,Standard,60 to 70,5,2,4,524,F
1,No,Yes,Yes,Yes,Female,Widowed,No,Yes,9.110744296,69,7,143.9364001,1,115,Yes,Platnum,40 to 60,1,1,3,113,T
1,No,No,Yes,No,Female,Separated,No,Yes,0.904067772,17,5,133.264131,1,116,Yes,Standard,60 to 70,5,2,3,523,F
1,No,No,No,No,Female,Separated,No,Yes,1.350303314,17,4,113.800892,1,117,No,Standard,31 to 40,5,2,1,521,F
1,No,No,No,No,Female,Widowed,No,Yes,2.296269927,24,10,94.68015488,1,118,Yes,Standard,60 to 70,5,4,2,542,F
1,No,No,No,No,Male,Widowed,No,Yes,2.835838572,16,9,89.38056787,1,119,Yes,Standard,31 to 40,4,1,1,411,F
1,No,No,Yes,No,Male,Widowed,No,Yes,1.554989002,22,1,132.7522569,1,120,Yes,Standard,31 to 40,5,4,1,541,F
1,No,No,Yes,No,Male,Widowed,No,Yes,2.7460547,21,8,41.5450397,1,121,No,Standard,31 to 40,4,2,4,424,F
1,No,No,Yes,No,Male,Married,No,Yes,3.52043421,19,3,81.7680848,1,122,No,Standard,60 to 70,4,1,5,415,F
1,No,No,No,No,Female,Widowed,No,Yes,2.898434815,20,7,124.5205601,1,123,Yes,Standard,40 to 60,4,1,5,415,F
1,No,No,No,No,Female,Single,No,Yes,2.501496088,14,12,85.5305551,1,124,No,Standard,60 to 70,5,1,3,513,F
1,No,No,No,No,Male,Widowed,No,Yes,0.107194577,22,7,103.8339418,1,125,No,Standard,17 to 22,5,4,3,543,F
1,No,No,No,No,Female,Single,No,Yes,1.021591549,21,7,104.7135513,1,126,Yes,Standard,31 to 40,5,3,4,534,F
1,No,No,No,No,Male,Divorced,No,Yes,0.226490942,13,11,105.9555963,1,127,Yes,Standard,40 to 60,5,1,4,514,F
1,No,No,No,No,Male,Single,No,Yes,2.657598768,20,11,86.1630317,1,128,Yes,Standard,23 to 30,4,1,1,411,F
1,No,No,No,No,Male,Separated,No,Yes,2.695175606,20,3,93.72044083,1,129,No,Standard,17 to 22,4,1,2,412,F
1,No,No,No,No,Male,Married,No,Yes,2.72851791,21,4,112.3867158,1,130,No,Standard,31 to 40,4,2,1,421,F
1,No,No,No,No,Female,Widowed,No,Yes,2.344044299,18,8,123.0046809,1,131,Yes,Standard,23 to 30,5,2,3,523,F
1,No,No,No,No,Female,Divorced,No,Yes,1.024156819,21,11,179.2779172,1,132,Yes,Standard,31 to 40,5,3,3,533,F
1,No,No,No,No,Male,Married,No,Yes,0.140478579,17,9,99.04417142,1,133,Yes,Standard,17 to 22,5,2,1,521,F
1,No,Yes,Yes,No,Male,Married,No,Yes,2.832908424,13,9,88.77311356,1,134,No,Standard,17 to 22,4,1,2,412,F
1,Yes,No,Yes,Yes,Female,Separated,No,Yes,5.319176735,70,11,87.84450202,1,135,Yes,Platnum,17 to 22,3,4,4,344,T
1,No,No,Yes,No,Male,Separated,No,Yes,0.598482294,18,8,62.68664229,1,136,Yes,Standard,23 to 30,5,2,2,522,F
1,No,No,Yes,No,Male,Married,No,Yes,4.230467851,44,6,84.6448876,1,137,No,Premium,17 to 22,4,4,3,443,F
1,No,No,No,No,Female,Married,No,Yes,1.719499878,22,4,104.9161417,1,138,No,Standard,40 to 60,5,4,5,545,F
1,No,No,Yes,No,Male,Married,No,Yes,5.451413712,30,5,118.6236049,1,139,No,Premium,40 to 60,3,1,3,313,T
1,No,No,No,No,Female,Married,No,Yes,1.491882744,15,12,128.5850456,1,140,Yes,Standard,31 to 40,5,1,5,515,F
1,No,No,Yes,No,Female,Married,No,Yes,2.400401434,18,7,113.0497836,1,141,Yes,Standard,23 to 30,5,2,1,521,F
1,No,No,No,Yes,Male,Married,No,Yes,8.203647695,76,7,124.4563992,1,142,Yes,Platnum,60 to 70,2,3,2,232,T
1,No,No,No,No,Male,Separated,No,Yes,2.178313297,15,4,162.6980516,1,143,No,Standard,31 to 40,5,1,5,515,F
1,No,No,No,No,Male,Widowed,No,Yes,1.353501603,19,6,114.2921571,1,144,Yes,Standard,31 to 40,5,3,3,533,F
1,No,No,Yes,Yes,Female,Married,No,Yes,3.972575542,83,8,112.3383252,1,145,Yes,Platnum,60 to 70,4,5,4,454,F
1,Yes,No,Yes,Yes,Female,Married,No,Yes,8.594588821,82,7,79.3730056,1,146,Yes,Platnum,23 to 30,1,1,1,111,T
1,No,Yes,Yes,Yes,Male,Single,No,Yes,7.530917917,61,8,64.76667425,1,147,Yes,Platnum,23 to 30,2,2,4,224,T
1,No,No,No,Yes,Male,Divorced,No,Yes,6.876864362,81,10,76.61778025,1,148,Yes,Platnum,31 to 40,2,4,2,242,T
1,No,No,No,Yes,Male,Divorced,No,Yes,9.734708912,94,6,127.9318788,1,149,Yes,Platnum,23 to 30,1,1,1,111,T
1,No,No,Yes,Yes,Female,Separated,No,Yes,6.077465317,64,9,64.72380423,1,150,Yes,Platnum,31 to 40,2,2,5,225,T
1,No,Yes,Yes,Yes,Male,Separated,No,Yes,8.418294,103,13,103.7370952,1,151,Yes,Platnum,31 to 40,2,4,3,243,T
1,No,No,Yes,Yes,Female,Married,No,Yes,5.437766665,71,10,80.80185174,1,152,Yes,Platnum,40 to 60,3,4,5,345,T
0,No,No,No,Yes,Female,Widowed,No,Yes,6.893099476,131,10,114.8020268,1,153,No,Silver,40 to 60,2,5,2,252,T
0,No,No,No,Yes,Female,Separated,No,Yes,4.12417222,36,5,74.75718237,1,154,No,Premium,31 to 40,4,3,4,434,F
0,No,No,No,Yes,Female,Divorced,No,Yes,9.304150716,143,3,59.38464777,1,155,No,Silver,31 to 40,1,5,4,154,T
0,No,No,No,Yes,Female,Single,No,Yes,13.45057745,136,12,126.3611981,1,156,No,Silver,60 to 70,1,4,1,141,T
1,No,No,No,Yes,Male,Single,No,Yes,1.818694825,18,6,101.8917231,1,157,No,Standard,60 to 70,5,2,4,524,F
1,No,No,No,Yes,Male,Widowed,No,Yes,4.837792089,19,9,83.67320248,1,158,No,Standard,40 to 60,3,1,1,311,T
0,No,No,No,Yes,Female,Single,No,Yes,6.844872039,45,5,122.4758553,1,159,No,Premium,60 to 70,2,1,2,212,T
1,Yes,No,Yes,Yes,Male,Married,No,Yes,3.687708483,89,10,98.9879134,1,160,Yes,Platnum,40 to 60,4,5,5,455,F
0,No,No,No,Yes,Female,Married,No,Yes,9.061707307,143,6,95.43320179,1,161,No,Silver,40 to 60,1,5,4,154,T
0,No,No,No,Yes,Female,Single,No,Yes,12.36350924,138,8,102.3716895,1,162,No,Silver,23 to 30,1,4,1,141,T
0,No,No,No,Yes,Male,Married,Yes,Yes,9.544607405,127,10,85.70832659,1,163,No,Silver,23 to 30,1,3,2,132,T
0,No,No,No,Yes,Male,Separated,Yes,Yes,11.64777907,123,8,101.4010473,1,164,No,Silver,40 to 60,1,3,5,135,T
0,No,No,No,Yes,Female,Widowed,Yes,Yes,9.025369446,139,9,102.1664982,1,165,No,Silver,40 to 60,1,4,4,144,T
0,No,No,No,Yes,Male,Married,Yes,Yes,13.05870729,133,12,112.5919048,1,166,No,Silver,60 to 70,1,4,5,145,T
0,No,No,No,Yes,Male,Married,Yes,No,9.435499552,129,7,72.36074757,1,167,No,Silver,60 to 70,1,3,3,133,T
0,No,No,No,Yes,Female,Married,Yes,Yes,10.91828008,126,10,73.17834472,1,168,No,Silver,31 to 40,1,3,1,131,T
0,No,No,No,Yes,Female,Widowed,Yes,Yes,4.445529061,49,6,109.2329827,1,169,No,Gold,40 to 60,3,3,4,334,T
0,No,No,No,Yes,Male,Widowed,Yes,Yes,9.781857945,115,7,80.5584276,1,170,No,Silver,23 to 30,1,2,4,124,T
0,No,No,No,Yes,Female,Divorced,Yes,Yes,9.233881301,117,12,75.54851234,1,171,No,Silver,40 to 60,1,2,4,124,T
1,No,No,Yes,Yes,Male,Widowed,Yes,Yes,1.227728715,91,10,134.3803845,1,172,Yes,Platnum,23 to 30,5,5,5,555,F
0,No,No,No,Yes,Female,Married,Yes,Yes,3.085848097,44,9,67.07174001,1,173,Yes,Gold,60 to 70,4,4,4,444,F
0,No,No,No,Yes,Female,Widowed,Yes,Yes,12.82702129,100,2,145.134576,1,174,No,Silver,60 to 70,1,1,5,115,T
0,No,No,Yes,Yes,Female,Single,Yes,Yes,8.139654288,137,14,35.34983989,1,175,No,Silver,60 to 70,2,5,3,253,T
0,No,No,No,Yes,Male,Separated,Yes,Yes,13.6650971,110,13,87.60825253,1,176,No,Silver,23 to 30,1,2,1,121,T
0,No,No,No,Yes,Male,Widowed,Yes,Yes,9.660536279,133,4,131.7669533,1,177,No,Silver,31 to 40,1,4,2,142,T
0,No,No,No,Yes,Female,Married,Yes,Yes,13.04695918,126,13,112.8834231,1,178,No,Silver,60 to 70,1,3,3,133,T
0,No,No,Yes,Yes,Female,Married,Yes,Yes,15.33868062,124,4,137.4733876,1,179,No,Silver,60 to 70,1,3,4,134,T
0,No,No,No,Yes,Female,Separated,Yes,Yes,11.28874669,122,7,49.84334102,1,180,No,Silver,40 to 60,1,2,4,124,T
0,No,No,No,Yes,Female,Separated,Yes,Yes,9.816695876,156,7,103.1859644,1,181,No,Silver,40 to 60,1,5,2,152,T
0,No,No,No,Yes,Female,Widowed,Yes,Yes,7.67917326,148,6,115.3984688,1,182,No,Silver,17 to 22,2,5,3,253,T
1,No,No,No,Yes,Female,Married,Yes,Yes,9.425230813,146,11,93.75174678,1,183,No,Silver,40 to 60,1,5,1,151,T
0,No,No,No,Yes,Male,Separated,Yes,Yes,5.958069183,117,12,114.0232882,1,184,No,Silver,40 to 60,2,5,5,255,T
1,No,No,Yes,Yes,Male,Separated,Yes,Yes,8.643765536,70,10,113.0852925,1,185,Yes,Platnum,40 to 60,1,1,2,112,T
1,No,No,Yes,Yes,Male,Divorced,Yes,Yes,11.41294333,134,11,135.5891659,1,186,No,Silver,60 to 70,1,4,4,144,T
1,No,No,No,Yes,Male,Divorced,Yes,Yes,5.241513382,55,11,53.17179617,1,187,Yes,Gold,40 to 60,3,3,4,334,T
1,No,No,No,Yes,Female,Married,Yes,Yes,13.05071923,139,13,84.62678291,1,188,No,Silver,40 to 60,1,4,3,143,T
0,No,No,No,Yes,Female,Single,Yes,Yes,11.25414718,115,7,84.63550873,1,189,No,Silver,31 to 40,1,2,3,123,T
0,No,No,No,Yes,Male,Widowed,Yes,Yes,9.462429693,136,9,135.7206155,1,190,No,Silver,31 to 40,1,4,4,144,T
0,No,No,No,Yes,Male,Single,Yes,Yes,12.12459357,133,9,109.7317451,1,191,No,Silver,31 to 40,1,4,5,145,T
0,No,No,No,Yes,Male,Divorced,Yes,Yes,8.803623579,122,12,83.35561067,1,192,No,Silver,40 to 60,1,2,3,123,T
0,No,No,Yes,Yes,Male,Separated,Yes,Yes,10.34800691,142,12,102.8310159,1,193,No,Silver,31 to 40,1,5,2,152,T
1,No,No,Yes,Yes,Female,Divorced,Yes,Yes,11.86363489,135,7,95.22856882,1,194,No,Silver,23 to 30,1,4,4,144,T
0,No,No,No,Yes,Male,Separated,Yes,Yes,3.790902857,47,7,111.0218061,1,195,Yes,Gold,31 to 40,4,4,5,445,F
0,No,No,No,Yes,Female,Married,Yes,Yes,8.10237927,108,7,118.2370599,1,196,No,Silver,40 to 60,2,5,2,252,T
0,No,No,No,Yes,Male,Married,Yes,Yes,13.1580744,129,6,98.17814786,1,197,No,Silver,31 to 40,1,3,3,133,T
0,No,No,Yes,Yes,Female,Married,Yes,Yes,12.28579608,138,6,121.9210921,1,198,No,Silver,60 to 70,1,4,5,145,T
0,No,No,No,Yes,Female,Divorced,Yes,Yes,14.96976623,128,8,50.31227717,1,199,No,Silver,23 to 30,1,3,5,135,T
0,No,No,No,Yes,Female,Married,Yes,Yes,6.107271999,117,5,26.39316626,1,200,No,Silver,60 to 70,2,5,3,253,T
0,No,No,No,Yes,Female,Separated,Yes,Yes,3.411448801,61,3,96.51309205,1,201,Yes,Gold,31 to 40,4,5,2,452,F
0,No,No,No,Yes,Female,Divorced,Yes,Yes,10.26918862,154,4,145.8519254,1,202,No,Silver,40 to 60,1,5,3,153,T
1,No,No,No,Yes,Female,Married,Yes,Yes,7.652030012,56,5,62.11844186,1,203,Yes,Gold,31 to 40,2,2,2,222,T
0,No,No,No,Yes,Male,Divorced,Yes,Yes,8.923760376,132,12,92.98142537,1,204,No,Silver,31 to 40,1,4,4,144,T
0,No,No,No,Yes,Male,Widowed,Yes,Yes,9.747575086,140,7,66.98121781,1,205,No,Silver,23 to 30,1,5,5,155,T
0,No,No,No,Yes,Female,Married,Yes,Yes,10.09971409,145,12,111.206504,1,206,No,Silver,60 to 70,1,5,5,155,T
0,No,No,Yes,Yes,Female,Widowed,Yes,Yes,19.93757196,141,11,118.9825227,1,207,No,Silver,31 to 40,1,5,2,152,T
0,No,No,No,Yes,Male,Widowed,Yes,Yes,10.23234736,120,11,98.95345822,1,208,No,Silver,60 to 70,1,2,5,125,T
1,No,No,No,Yes,Female,Separated,Yes,Yes,6.09479107,116,10,159.6153578,1,209,No,Silver,23 to 30,2,5,5,255,T
0,No,Yes,Yes,Yes,Female,Married,Yes,Yes,5.385458915,58,9,124.3187779,1,210,Yes,Gold,31 to 40,3,4,1,341,T
0,No,No,Yes,Yes,Male,Separated,Yes,Yes,10.71841934,129,6,86.67897223,1,211,No,Silver,40 to 60,1,3,1,131,T
0,No,No,No,Yes,Female,Married,Yes,Yes,6.598179206,41,5,94.89513834,1,212,Yes,Gold,40 to 60,2,1,4,214,T
0,No,No,No,Yes,Male,Single,Yes,Yes,13.38310799,138,13,146.7507611,1,213,No,Silver,31 to 40,1,4,1,141,T
1,No,No,No,Yes,Male,Married,Yes,Yes,9.038781711,157,9,70.87923044,1,214,No,Silver,60 to 70,1,5,5,155,T
0,No,No,Yes,Yes,Male,Married,Yes,Yes,8.201919,109,8,85.84667878,1,215,No,Silver,31 to 40,2,5,5,255,T
0,No,No,No,Yes,Female,Widowed,Yes,Yes,8.127387869,116,13,94.54334421,1,216,No,Silver,23 to 30,2,5,3,253,T
1,No,No,Yes,Yes,Female,Separated,Yes,Yes,8.450746267,114,9,82.28436,1,217,No,Silver,23 to 30,2,5,3,253,T
0,No,No,No,Yes,Female,Married,Yes,Yes,9.634282752,151,11,105.4281193,1,218,No,Silver,23 to 30,1,5,3,153,T
1,No,No,Yes,Yes,Female,Widowed,Yes,Yes,4.756108174,100,12,65.07886752,1,219,Yes,Platnum,40 to 60,3,5,4,354,T
1,No,No,No,Yes,Male,Married,No,Yes,4.197190272,23,8,130.6362317,1,220,No,Standard,31 to 40,4,2,5,425,F
1,No,No,No,Yes,Female,Separated,No,Yes,1.81790374,74,6,74.06914391,1,221,Yes,Platnum,23 to 30,5,5,5,555,F
1,No,No,No,Yes,Male,Separated,No,Yes,4.978829402,90,9,47.72395815,1,222,Yes,Platnum,40 to 60,3,5,4,354,T
0,No,No,No,Yes,Female,Widowed,No,Yes,13.29946588,129,11,92.59337675,1,223,No,Silver,40 to 60,1,3,3,133,T
0,No,No,Yes,Yes,Male,Single,No,Yes,15.27655342,128,1,103.573697,1,224,No,Silver,31 to 40,1,3,3,133,T
0,No,No,Yes,Yes,Male,Separated,No,Yes,8.024348198,157,9,66.85274672,1,225,No,Silver,23 to 30,2,5,5,255,T
1,No,Yes,Yes,Yes,Female,Divorced,No,Yes,7.752373911,78,8,105.652892,1,226,Yes,Platnum,40 to 60,2,3,4,234,T
0,No,No,No,Yes,Male,Widowed,No,No,5.884548815,135,9,90.49971512,1,227,No,Silver,40 to 60,2,5,2,252,T
1,No,No,No,Yes,Male,Separated,No,No,2.531338749,16,10,111.4254708,1,228,No,Standard,17 to 22,5,1,5,515,F
1,No,No,Yes,Yes,Male,Single,No,No,1.716963801,19,14,124.974641,1,229,No,Standard,60 to 70,5,3,2,532,F
0,No,No,No,Yes,Female,Divorced,No,No,12.73655175,119,11,79.32514673,1,230,No,Silver,60 to 70,1,2,3,123,T
0,No,No,Yes,Yes,Female,Separated,Yes,No,5.247786831,50,13,57.04622709,1,231,Yes,Gold,40 to 60,3,3,3,333,T
0,No,No,Yes,Yes,Male,Single,Yes,No,5.7911011,58,8,82.03685291,1,232,Yes,Gold,31 to 40,3,4,1,341,T
1,No,No,No,Yes,Male,Separated,Yes,No,11.3649802,155,7,76.30043599,1,233,No,Silver,31 to 40,1,5,4,154,T
0,No,No,No,Yes,Male,Widowed,Yes,No,10.21773828,112,8,98.69005065,1,234,No,Silver,23 to 30,1,2,5,125,T
0,No,No,No,Yes,Male,Married,Yes,No,9.741635411,129,8,138.8864331,1,235,No,Silver,23 to 30,1,3,2,132,T
0,No,No,No,Yes,Female,Separated,Yes,No,3.422903393,67,7,79.55693348,1,236,Yes,Gold,23 to 30,4,5,1,451,F
0,No,No,Yes,Yes,Female,Married,Yes,No,10.80987345,134,11,87.01133606,1,237,No,Silver,23 to 30,1,4,3,143,T
0,No,No,No,Yes,Female,Married,Yes,No,7.493486719,131,6,105.7955872,1,238,No,Silver,40 to 60,2,5,1,251,T
1,No,No,Yes,Yes,Male,Married,Yes,No,6.015650123,60,11,101.6813103,1,239,Yes,Gold,31 to 40,2,2,2,222,T
0,No,No,No,Yes,Male,Divorced,Yes,No,10.43000609,115,7,135.1479754,1,240,No,Silver,40 to 60,1,2,2,122,T
0,No,No,No,Yes,Male,Widowed,Yes,No,5.711432793,35,1,85.09408247,1,241,No,Premium,31 to 40,3,1,3,313,T
0,No,No,No,Yes,Male,Married,Yes,No,6.324923741,38,9,77.08064189,1,242,Yes,Gold,40 to 60,2,1,5,215,T
0,No,No,No,Yes,Female,Single,Yes,No,5.84099937,54,13,70.40466869,1,243,Yes,Gold,23 to 30,3,3,3,333,T
0,No,No,No,Yes,Male,Single,Yes,No,14.31806231,122,10,104.8373688,1,244,No,Silver,31 to 40,1,2,1,121,T
0,No,No,Yes,Yes,Female,Married,Yes,No,5.242672471,42,6,101.9114809,1,245,Yes,Gold,40 to 60,3,2,5,325,T
1,No,No,Yes,Yes,Female,Married,Yes,No,14.1129131,120,15,111.9623668,1,246,No,Silver,23 to 30,1,2,4,124,T
1,No,No,Yes,Yes,Female,Single,Yes,No,10.19381868,90,9,21.60435813,1,247,No,Silver,17 to 22,1,1,5,115,T
1,No,No,Yes,Yes,Female,Divorced,Yes,No,9.600992437,104,10,79.77018404,1,248,No,Silver,60 to 70,1,2,5,125,T
0,No,No,No,Yes,Female,Single,Yes,No,5.221649998,55,8,48.90701069,1,249,Yes,Gold,40 to 60,3,3,1,331,T
0,No,No,No,Yes,Male,Married,Yes,No,11.67832457,132,9,86.22834722,1,250,No,Silver,60 to 70,1,4,5,145,T
0,No,No,Yes,Yes,Female,Married,Yes,No,10.00232632,151,9,95.33194905,1,251,No,Silver,23 to 30,1,5,3,153,T
0,No,No,No,Yes,Male,Single,Yes,No,5.282560622,133,11,133.0305366,1,252,No,Silver,31 to 40,3,5,5,355,T
0,No,No,No,Yes,Female,Widowed,Yes,No,10.50077873,139,6,70.63517545,1,253,No,Silver,40 to 60,1,4,5,145,T
1,No,No,Yes,Yes,Male,Single,Yes,No,4.623554721,62,5,99.85097248,1,254,Yes,Gold,60 to 70,3,4,3,343,T
0,No,No,No,Yes,Male,Widowed,Yes,No,3.487692726,39,8,109.2555807,1,255,No,Gold,40 to 60,4,3,5,435,F
0,No,No,No,Yes,Male,Married,Yes,No,11.68654094,122,5,105.5907502,1,256,No,Silver,31 to 40,1,2,5,125,T
0,No,No,Yes,Yes,Male,Divorced,Yes,No,13.44110904,139,9,134.2119003,1,257,No,Silver,40 to 60,1,4,4,144,T
0,No,No,No,Yes,Male,Widowed,Yes,No,14.87414647,126,9,112.9655113,1,258,No,Silver,40 to 60,1,3,4,134,T
0,No,No,Yes,Yes,Male,Separated,Yes,No,14.62147661,113,8,87.34011006,1,259,No,Silver,23 to 30,1,2,5,125,T
1,No,Yes,Yes,Yes,Male,Widowed,Yes,No,6.777518381,63,4,89.75087049,1,260,Yes,Gold,23 to 30,2,2,1,221,T
0,No,No,No,Yes,Male,Married,Yes,No,5.3405083,84,10,159.0965376,1,261,No,Gold,23 to 30,3,5,1,351,T
0,No,No,No,Yes,Male,Married,Yes,No,10.0473171,121,11,63.78780037,1,262,No,Silver,31 to 40,1,2,2,122,T
0,No,No,Yes,Yes,Male,Separated,Yes,No,3.32252088,52,6,74.88179672,1,263,Yes,Gold,60 to 70,4,4,5,445,F
0,No,No,Yes,Yes,Male,Widowed,Yes,No,9.457313909,132,10,120.3788814,1,264,No,Silver,40 to 60,1,4,3,143,T
0,No,Yes,No,Yes,Male,Divorced,Yes,No,6.598770007,152,7,96.29244778,1,265,No,Silver,23 to 30,2,5,4,254,T
1,Yes,No,Yes,Yes,Male,Married,Yes,No,12.77771252,123,7,78.35744593,1,266,No,Silver,31 to 40,1,3,2,132,T
0,No,No,No,Yes,Male,Separated,Yes,No,15.08663767,109,9,131.3779925,1,267,No,Silver,60 to 70,1,2,2,122,T
0,No,No,No,Yes,Male,Divorced,Yes,No,18.50121179,144,9,124.8830806,1,268,No,Silver,23 to 30,1,5,3,153,T
0,No,No,No,Yes,Male,Married,Yes,No,9.269210048,131,11,78.42360735,1,269,No,Silver,60 to 70,1,3,2,132,T
0,No,No,Yes,Yes,Male,Married,Yes,No,5.094073958,58,13,115.0149991,1,270,Yes,Gold,40 to 60,3,4,3,343,T
0,No,No,No,Yes,Male,Widowed,Yes,No,4.972991095,152,6,73.38474799,1,271,No,Silver,31 to 40,3,5,5,355,T
0,No,No,No,Yes,Female,Married,Yes,No,7.342722281,113,4,62.97492311,1,272,No,Silver,23 to 30,2,5,1,251,T
0,No,No,No,Yes,Female,Widowed,No,No,5.367115069,46,12,74.0410073,1,273,No,Gold,31 to 40,3,2,4,324,T
0,No,No,No,Yes,Female,Widowed,No,No,9.572619399,138,12,68.31550591,1,274,No,Silver,23 to 30,1,4,3,143,T
1,No,No,Yes,Yes,Female,Separated,No,No,13.9576306,155,9,122.3480678,1,275,No,Silver,23 to 30,1,5,2,152,T
0,No,No,No,Yes,Female,Single,No,No,4.223614451,51,8,129.1833875,1,276,Yes,Gold,31 to 40,4,4,5,445,F
0,No,No,No,Yes,Female,Widowed,No,No,4.651502658,44,10,83.61247282,1,277,Yes,Gold,60 to 70,3,2,4,324,T
0,No,No,No,Yes,Female,Widowed,No,No,11.71917058,134,7,97.54203002,1,278,No,Silver,31 to 40,1,4,1,141,T
0,No,No,No,Yes,Female,Separated,No,No,4.389670342,38,10,66.22596564,1,279,No,Gold,40 to 60,3,1,5,315,T
0,No,No,No,Yes,Female,Married,No,No,8.835098374,130,15,101.6343422,1,280,No,Silver,17 to 22,1,3,3,133,T
0,No,No,No,Yes,Female,Separated,No,No,9.108307794,132,12,124.4126602,1,281,No,Silver,60 to 70,1,4,2,142,T
0,No,No,No,Yes,Female,Separated,No,No,8.80397767,125,7,112.6437958,1,282,No,Silver,23 to 30,1,3,1,131,T
0,No,No,Yes,Yes,Female,Married,No,Yes,4.529492837,53,10,38.30160618,1,283,Yes,Gold,31 to 40,3,3,4,334,T
0,No,No,No,Yes,Female,Married,No,Yes,11.90473671,130,7,107.3016369,1,284,No,Silver,40 to 60,1,3,5,135,T
0,No,No,Yes,Yes,Female,Married,No,Yes,11.57247714,120,11,101.3150143,1,285,No,Silver,40 to 60,1,2,1,121,T
1,No,No,No,Yes,Female,Separated,No,Yes,7.298510808,82,7,120.9215815,1,286,Yes,Platnum,40 to 60,2,4,4,244,T
1,No,No,Yes,Yes,Female,Married,No,Yes,6.102082882,64,8,90.60725962,1,287,Yes,Platnum,31 to 40,2,2,5,225,T
0,No,No,No,Yes,Female,Married,No,Yes,8.260899813,141,10,124.5957827,1,288,No,Silver,31 to 40,2,5,1,251,T
0,No,No,No,Yes,Female,Widowed,No,Yes,5.474984695,57,10,107.9959916,1,289,Yes,Gold,40 to 60,3,3,2,332,T
1,No,Yes,Yes,Yes,Female,Married,No,Yes,6.53779435,78,11,107.2872412,1,290,Yes,Platnum,23 to 30,2,3,3,233,T
1,No,No,Yes,Yes,Female,Married,No,Yes,8.962280683,131,5,155.239901,1,291,No,Silver,40 to 60,1,3,4,134,T
0,No,No,No,Yes,Female,Married,No,Yes,14.39644063,146,7,43.1486579,1,292,No,Silver,23 to 30,1,5,5,155,T
1,Yes,No,Yes,Yes,Female,Separated,No,Yes,11.10817088,88,7,91.67671877,1,293,Yes,Platnum,60 to 70,1,1,5,115,T
1,No,No,Yes,Yes,Female,Divorced,No,Yes,5.331439187,91,13,117.907938,1,294,Yes,Platnum,17 to 22,3,5,5,355,T
0,No,No,No,Yes,Female,Married,No,Yes,9.855790725,147,10,55.62303006,1,295,No,Silver,17 to 22,1,5,1,151,T
1,No,No,Yes,Yes,Female,Single,No,Yes,6.163380111,85,7,57.52464523,1,296,Yes,Platnum,40 to 60,2,4,1,241,T
0,No,No,Yes,Yes,Female,Separated,No,Yes,5.018848744,72,14,93.398461,1,297,Yes,Platnum,23 to 30,3,4,4,344,T
0,No,No,Yes,Yes,Female,Separated,No,Yes,11.33165264,151,9,114.8541829,1,298,No,Silver,23 to 30,1,5,4,154,T
1,No,No,No,Yes,Female,Married,No,Yes,2.209947233,18,12,70.42526646,1,299,,Standard,31 to 40,5,2,4,524,F
1,No,No,Yes,Yes,Female,Married,No,Yes,6.252936334,96,7,89.45865475,1,300,Yes,Platnum,40 to 60,2,4,3,243,T
0,No,No,Yes,Yes,Female,Separated,No,Yes,8.200079155,136,3,107.2097668,1,301,No,Silver,23 to 30,2,5,4,254,T
0,No,No,No,Yes,Female,Married,No,Yes,8.282496545,115,7,70.18818098,1,302,No,Silver,17 to 22,2,5,3,253,T
0,No,No,No,Yes,Female,Married,No,Yes,5.804477386,55,7,103.9298237,1,303,Yes,Gold,23 to 30,3,3,1,331,T
0,No,No,No,Yes,Female,Married,No,Yes,14.82327876,105,8,88.96233946,1,304,No,Silver,60 to 70,1,2,3,123,T
0,No,No,No,Yes,Female,Divorced,No,Yes,6.692104721,117,8,122.1596776,1,305,No,Silver,23 to 30,2,5,2,252,T
1,No,No,Yes,Yes,Female,Married,No,Yes,4.580146457,89,2,123.4542992,1,306,Yes,Platnum,17 to 22,3,5,2,352,T
0,No,No,Yes,Yes,Female,Separated,No,Yes,13.18535095,118,3,96.74224369,1,307,No,Silver,17 to 22,1,2,1,121,T
1,No,No,No,Yes,Female,Married,No,Yes,2.797214795,23,11,129.0378572,1,308,No,Standard,31 to 40,4,2,3,423,F
1,No,No,Yes,Yes,Female,Married,No,Yes,5.871478617,87,9,115.8424404,1,309,Yes,Platnum,31 to 40,2,4,3,243,T
0,No,No,No,Yes,Female,Divorced,No,Yes,5.51116194,67,8,123.0517561,1,310,Yes,Gold,31 to 40,3,4,1,341,T
0,No,No,No,Yes,Female,Separated,No,Yes,10.96497235,152,12,88.88631847,1,311,No,Silver,31 to 40,1,5,1,151,T
0,No,No,No,Yes,Female,Single,No,Yes,10.89011332,129,4,104.1093038,1,312,No,Silver,40 to 60,1,3,5,135,T
1,Yes,Yes,Yes,No,Male,Divorced,No,Yes,8.670535788,93,15,90.69438498,1,313,Yes,Platnum,40 to 60,1,1,2,112,T
1,No,No,Yes,No,Male,Married,No,Yes,1.100914309,12,8,138.5956893,1,314,No,Standard,40 to 60,5,1,2,512,F
1,No,Yes,Yes,No,Male,Divorced,No,Yes,10.37398974,72,9,113.25456,1,315,Yes,Platnum,23 to 30,1,1,3,113,T
1,No,No,Yes,Yes,Female,Married,No,Yes,7.077205702,74,10,90.50238954,1,316,Yes,Platnum,23 to 30,2,3,3,233,T
1,No,No,Yes,Yes,Female,Single,No,Yes,7.57613567,63,9,102.8582076,1,317,Yes,Platnum,31 to 40,2,2,5,225,T
1,No,Yes,Yes,No,Female,Married,No,Yes,2.643563086,17,5,62.54606255,1,318,Yes,Standard,23 to 30,4,1,4,414,F
1,No,Yes,No,No,Female,Separated,No,Yes,1.863706054,26,8,120.77784,1,319,No,Standard,23 to 30,5,4,4,544,F
1,Yes,No,Yes,Yes,Male,Separated,No,Yes,7.554739438,68,12,70.145958,1,320,Yes,Platnum,40 to 60,2,3,3,233,T
1,No,No,No,No,Male,Widowed,No,Yes,4.402469802,20,8,201.5799852,1,321,No,Standard,17 to 22,3,1,1,311,T
1,No,No,No,Yes,Female,Divorced,No,Yes,7.634682996,72,6,84.16258156,1,322,Yes,Platnum,23 to 30,2,3,2,232,T
1,No,No,Yes,Yes,Female,Separated,No,Yes,8.093847486,94,11,131.5687871,1,323,Yes,Platnum,40 to 60,2,4,5,245,T
1,No,No,No,Yes,Male,Separated,No,Yes,2.712920924,82,9,139.7257446,1,324,Yes,Platnum,31 to 40,4,5,5,455,F
1,No,No,Yes,No,Male,Widowed,No,Yes,1.436338944,21,7,64.75179141,1,325,No,Standard,17 to 22,5,3,3,533,F
1,No,Yes,No,No,Male,Separated,No,Yes,0.966966731,22,12,115.8314691,1,326,No,Standard,31 to 40,5,4,1,541,F
1,No,No,No,No,Female,Widowed,No,Yes,2.820469278,16,8,86.44328658,1,327,No,Standard,23 to 30,4,1,5,415,F
1,No,Yes,Yes,No,Male,Widowed,No,Yes,7.612301075,84,8,135.0713751,1,328,Yes,Platnum,40 to 60,2,4,3,243,T
1,No,No,Yes,Yes,Male,Divorced,No,Yes,7.73439517,106,9,124.1493276,1,329,Yes,Platnum,23 to 30,2,5,1,251,T
1,No,No,No,No,Female,Married,No,Yes,4.184797625,85,5,66.20731422,1,330,Yes,Platnum,23 to 30,4,5,3,453,F
1,Yes,No,Yes,Yes,Female,Divorced,No,Yes,11.05251001,66,10,94.22471045,1,331,Yes,Platnum,23 to 30,1,1,2,112,T
1,No,No,Yes,Yes,Female,Married,No,Yes,7.907197689,70,9,36.41974934,1,332,Yes,Platnum,40 to 60,2,3,1,231,T
1,No,No,Yes,Yes,Female,Divorced,No,Yes,7.324045725,80,11,100.4085271,1,333,Yes,Platnum,17 to 22,2,4,2,242,T
1,No,No,Yes,Yes,Female,Single,No,Yes,3.817764241,65,9,25.78844597,1,334,Yes,Platnum,40 to 60,4,5,4,454,F
1,No,No,No,No,Female,Divorced,No,Yes,9.808726345,76,14,71.26576901,1,335,Yes,Platnum,60 to 70,1,1,2,112,T
1,No,No,No,No,Female,Separated,No,Yes,2.656964974,15,14,65.7546732,1,336,Yes,Standard,60 to 70,4,1,1,411,F
1,No,No,Yes,No,Female,Widowed,No,Yes,1.912642355,18,8,101.9445342,1,337,No,Standard,23 to 30,5,2,3,523,F
1,No,No,No,No,Male,Separated,No,Yes,2.768725459,21,7,81.54113106,1,338,Yes,Standard,23 to 30,4,2,1,421,F
1,No,No,No,No,Male,Separated,No,Yes,2.339495936,15,6,100.8775938,1,339,No,Standard,40 to 60,5,1,3,513,F
1,No,No,Yes,No,Female,Separated,No,Yes,3.748709596,73,7,96.45958027,1,340,Yes,Platnum,31 to 40,4,5,3,453,F
1,No,No,Yes,No,Female,Widowed,No,Yes,4.760207156,75,10,124.5581321,1,341,Yes,Platnum,31 to 40,3,5,4,354,T
1,Yes,Yes,Yes,Yes,Female,Widowed,No,Yes,7.014555581,72,7,121.5395746,1,342,Yes,Platnum,23 to 30,2,3,1,231,T
1,No,No,Yes,No,Male,Married,No,Yes,6.842153808,89,12,122.8854287,1,343,Yes,Platnum,23 to 30,2,4,3,243,T
1,No,No,Yes,Yes,Male,Married,No,Yes,3.007217886,78,6,146.3203688,1,344,Yes,Platnum,60 to 70,4,5,3,453,F
1,No,No,Yes,Yes,Female,Widowed,No,Yes,10.21802604,61,9,65.05715676,1,345,Yes,Platnum,23 to 30,1,1,4,114,T
1,No,No,Yes,Yes,Male,Widowed,No,Yes,5.825726894,101,12,108.7509145,1,346,Yes,Platnum,31 to 40,3,5,2,352,T
1,Yes,No,Yes,Yes,Male,Single,No,Yes,7.876830173,68,9,79.3548364,1,347,Yes,Platnum,31 to 40,2,3,3,233,T
1,No,No,Yes,Yes,Male,Single,No,Yes,6.697272372,67,9,69.5177684,1,348,Yes,Platnum,17 to 22,2,3,4,234,T
1,No,No,Yes,Yes,Female,Separated,No,Yes,7.498892335,104,10,96.20504765,1,349,Yes,Platnum,40 to 60,2,5,1,251,T
1,No,No,No,Yes,Female,Divorced,No,Yes,7.028075537,60,7,88.71923109,1,350,Yes,Platnum,17 to 22,2,2,5,225,T
1,No,No,Yes,Yes,Female,Separated,No,Yes,7.185707684,73,5,71.94599626,1,351,Yes,Platnum,23 to 30,2,3,2,232,T
1,No,No,Yes,Yes,Male,Married,No,Yes,6.046964604,72,7,105.750841,1,352,Yes,Platnum,23 to 30,2,3,3,233,T
0,No,No,Yes,Yes,Female,Widowed,No,Yes,5.183984961,57,9,163.6075437,1,353,Yes,Platnum,23 to 30,3,3,5,335,T
1,No,No,No,Yes,Female,Widowed,No,Yes,7.542529758,60,8,95.30143769,1,354,Yes,Platnum,31 to 40,2,2,5,225,T
1,No,No,Yes,Yes,Female,Separated,No,Yes,3.568803327,81,12,145.4962891,1,355,Yes,Platnum,31 to 40,4,5,4,454,F
0,No,Yes,No,Yes,Male,Divorced,No,Yes,10.98235018,86,16,102.9765736,1,356,Yes,Platnum,31 to 40,1,1,2,112,T
1,No,No,Yes,Yes,Female,Widowed,No,Yes,7.086022703,87,5,82.02682269,1,357,Yes,Platnum,31 to 40,2,4,1,241,T
1,No,No,No,Yes,Female,Separated,No,Yes,3.694301716,69,7,44.24065786,1,358,Yes,Platnum,23 to 30,4,5,4,454,F
1,No,No,No,Yes,Male,Widowed,No,Yes,5.007348309,71,9,162.7086536,1,359,Yes,Platnum,40 to 60,3,4,5,345,T
1,No,Yes,Yes,Yes,Male,Widowed,No,Yes,6.749486365,72,5,83.79081881,1,360,Yes,Platnum,60 to 70,2,3,5,235,T
1,No,No,No,Yes,Male,Separated,No,Yes,12.02104831,76,8,112.8368457,1,361,Yes,Platnum,23 to 30,1,1,5,115,T
1,Yes,No,Yes,Yes,Female,Divorced,No,Yes,8.936030163,53,8,131.3489228,1,362,Yes,Platnum,31 to 40,1,1,5,115,T
1,No,No,Yes,Yes,Male,Widowed,No,Yes,5.197235923,76,4,108.3854537,1,363,Yes,Platnum,40 to 60,3,5,3,353,T
1,Yes,Yes,Yes,Yes,Female,Married,No,Yes,7.797719574,77,12,99.22357575,1,364,Yes,Platnum,17 to 22,2,3,2,232,T
1,Yes,Yes,Yes,Yes,Male,Widowed,No,Yes,5.134522926,79,7,113.2902367,1,365,Yes,Platnum,31 to 40,3,5,4,354,T
1,No,No,Yes,Yes,Female,Married,No,Yes,5.637921075,72,6,77.14711769,1,366,Yes,Platnum,40 to 60,3,4,5,345,T
1,Yes,No,Yes,Yes,Female,Married,No,Yes,6.784844796,68,7,96.57587628,1,367,Yes,Platnum,17 to 22,2,3,2,232,T
1,No,No,No,Yes,Male,Married,No,Yes,9.121064818,76,10,56.19200464,1,368,Yes,Platnum,40 to 60,1,1,3,113,T
1,No,Yes,Yes,Yes,Male,Single,No,Yes,6.946821489,63,7,82.36564622,1,369,Yes,Platnum,40 to 60,2,2,4,224,T
1,No,Yes,Yes,Yes,Female,Widowed,No,Yes,7.946672326,72,11,88.73563539,1,370,Yes,Platnum,60 to 70,2,3,5,235,T
1,No,No,Yes,Yes,Female,Married,No,Yes,8.084966344,67,10,125.4621896,1,371,Yes,Platnum,40 to 60,2,3,4,234,T
0,No,No,No,Yes,Male,Married,No,Yes,9.769389466,131,11,121.6611843,1,372,No,Silver,40 to 60,1,3,4,134,T
1,No,No,Yes,Yes,Male,Married,No,Yes,6.550680813,77,11,124.7422419,1,373,Yes,Platnum,23 to 30,2,3,5,235,T
1,No,No,Yes,Yes,Male,Separated,No,Yes,7.686172361,63,10,116.5094275,1,374,Yes,Platnum,40 to 60,2,2,4,224,T
1,No,Yes,Yes,Yes,Male,Separated,No,Yes,5.852494503,79,12,152.7912623,1,375,Yes,Platnum,17 to 22,3,5,2,352,T
1,No,No,Yes,Yes,Male,Divorced,No,Yes,4.727944822,73,8,90.03400478,1,376,Yes,Platnum,40 to 60,3,5,3,353,T
1,Yes,No,No,Yes,Male,Widowed,No,Yes,7.297469981,83,8,79.08771247,1,377,Yes,Platnum,40 to 60,2,4,1,241,T
1,No,No,Yes,Yes,Male,Divorced,No,Yes,5.711667986,92,5,110.9646121,1,378,Yes,Platnum,31 to 40,3,5,3,353,T
1,Yes,No,Yes,Yes,Female,Widowed,No,Yes,6.275886833,96,8,112.3269066,1,379,Yes,Platnum,23 to 30,2,4,5,245,T
1,No,No,Yes,Yes,Female,Separated,No,Yes,8.801103996,92,9,117.5193478,1,380,Yes,Platnum,40 to 60,1,1,4,114,T
1,No,No,Yes,Yes,Male,Divorced,No,Yes,7.016856626,90,9,138.5522655,1,381,Yes,Platnum,17 to 22,2,4,2,242,T
1,Yes,No,Yes,Yes,Male,Separated,No,Yes,8.639555062,57,5,102.2357555,1,382,Yes,Platnum,31 to 40,1,1,4,114,T
1,No,No,No,Yes,Female,Separated,No,Yes,6.141714423,91,14,140.4707796,1,383,Yes,Platnum,40 to 60,2,4,1,241,T
0,No,No,No,Yes,Male,Separated,No,Yes,5.133375056,44,11,115.8584475,1,384,Yes,Premium,31 to 40,3,2,2,322,T
0,No,Yes,No,Yes,Male,Widowed,No,Yes,1.414454091,49,8,98.67682499,1,385,No,Premium,40 to 60,5,5,3,553,F
0,No,Yes,No,Yes,Male,Married,No,Yes,8.264312891,78,6,89.22677077,1,386,Yes,Platnum,40 to 60,2,3,5,235,T
1,No,No,Yes,Yes,Female,Widowed,No,Yes,3.928982458,62,10,115.3153022,1,387,Yes,Platnum,40 to 60,4,5,4,454,F
1,No,No,No,Yes,Female,Separated,No,Yes,6.165840758,79,10,74.84532638,1,388,Yes,Platnum,23 to 30,2,4,4,244,T
1,No,No,No,Yes,Female,Widowed,No,Yes,8.444494106,74,7,104.0940604,1,389,Yes,Platnum,40 to 60,2,3,3,233,T
0,No,No,Yes,Yes,Male,Single,No,Yes,11.84255127,146,6,102.3990989,1,390,No,Silver,31 to 40,1,5,5,155,T
0,No,No,No,Yes,Female,Married,No,Yes,10.32792387,153,5,58.60013788,1,391,No,Silver,40 to 60,1,5,3,153,T
1,No,No,No,Yes,Female,Widowed,No,Yes,3.924801266,16,7,72.76371464,1,392,Yes,Standard,40 to 60,4,1,4,414,F
0,No,No,Yes,Yes,Female,Single,No,Yes,7.306057823,44,10,87.43968591,1,393,No,Premium,23 to 30,2,1,1,211,T
0,No,No,Yes,Yes,Female,Married,Yes,No,5.227732423,35,12,134.4339776,1,394,Yes,Gold,17 to 22,3,1,5,315,T
1,No,Yes,Yes,No,Female,Single,Yes,Yes,6.881276343,73,10,64.86654817,1,395,Yes,Platnum,17 to 22,2,3,4,234,T
0,No,No,Yes,Yes,Female,Widowed,Yes,Yes,11.84224451,130,11,112.1409493,1,396,No,Silver,17 to 22,1,3,4,134,T
1,No,No,Yes,No,Female,Married,Yes,Yes,4.855869103,46,8,73.26847965,1,397,Yes,Gold,17 to 22,3,2,4,324,T
0,No,Yes,Yes,No,Female,Separated,Yes,Yes,2.48412717,34,4,142.9609891,1,398,Yes,Premium,17 to 22,5,4,5,545,F
1,No,No,No,No,Female,Separated,Yes,Yes,6.291514331,53,8,119.473933,1,399,Yes,Gold,17 to 22,2,2,3,223,T
0,No,No,Yes,Yes,Female,Single,Yes,Yes,7.949924719,57,1,141.4448852,1,400,Yes,Platnum,17 to 22,2,2,3,223,T
0,No,No,Yes,No,Female,Single,Yes,Yes,3.043416626,130,6,116.5221759,1,401,No,Silver,17 to 22,4,5,5,455,F
1,No,No,No,No,Female,Single,Yes,Yes,4.14108178,52,5,81.5171049,1,402,Yes,Gold,17 to 22,4,4,5,445,F
1,No,No,Yes,Yes,Female,Single,Yes,Yes,7.429732389,72,9,72.27731395,1,403,Yes,Platnum,17 to 22,2,3,5,235,T
0,No,No,No,No,Female,Single,Yes,Yes,6.144497551,59,11,67.79514756,1,404,Yes,Gold,17 to 22,2,2,3,223,T
0,No,No,No,No,Female,Single,Yes,Yes,4.266321987,56,1,124.6616997,1,405,No,Gold,17 to 22,4,5,2,452,F
0,No,No,Yes,Yes,Female,Single,Yes,No,8.477610855,132,10,108.9705391,1,406,No,Silver,17 to 22,2,5,2,252,T
1,No,No,Yes,No,Female,Single,Yes,Yes,5.409687947,69,10,114.720632,1,407,No,Gold,17 to 22,3,4,1,341,T
0,No,Yes,Yes,Yes,Female,Single,Yes,Yes,5.636001802,41,4,98.85062622,1,408,Yes,Gold,17 to 22,3,1,4,314,T
0,No,Yes,Yes,Yes,Female,Single,Yes,Yes,6.307658905,55,10,120.9644759,1,409,Yes,Gold,17 to 22,2,2,1,221,T
1,No,No,No,Yes,Female,Single,Yes,Yes,6.144479003,67,7,125.3686325,1,410,Yes,Gold,17 to 22,2,3,1,231,T
0,No,No,Yes,Yes,Female,Single,Yes,Yes,8.874998279,134,10,36.59383503,1,411,No,Silver,17 to 22,1,4,2,142,T
0,No,No,Yes,No,Female,Single,Yes,Yes,8.120989908,115,8,104.4671149,1,412,No,Silver,17 to 22,2,5,5,255,T
0,No,No,Yes,No,Female,Single,Yes,Yes,9.962666341,135,10,76.16643368,1,413,No,Silver,17 to 22,1,4,2,142,T
1,Yes,No,No,Yes,Female,Single,Yes,Yes,5.869916827,44,3,124.1250894,1,414,Yes,Gold,17 to 22,3,2,5,325,T
0,No,No,Yes,No,Female,Single,Yes,Yes,13.22469972,104,12,116.9778979,1,415,No,Silver,17 to 22,1,2,2,122,T
0,No,No,Yes,Yes,Female,Single,Yes,Yes,8.233330861,119,10,119.4606726,1,416,No,Silver,17 to 22,2,5,2,252,T
0,No,No,No,No,Female,Single,Yes,Yes,4.527191624,47,6,50.4532264,1,417,Yes,Gold,17 to 22,3,2,4,324,T
0,No,No,No,No,Female,Single,Yes,Yes,4.719420279,71,14,82.34461175,1,418,No,Gold,17 to 22,3,4,2,342,T
0,No,No,Yes,No,Female,Single,Yes,Yes,17.04359692,124,7,141.6277062,1,419,No,Silver,17 to 22,1,3,2,132,T
0,No,No,Yes,No,Female,Single,Yes,No,9.476711139,123,8,66.04184782,1,420,No,Silver,17 to 22,1,3,5,135,T
0,No,No,Yes,No,Female,Single,Yes,Yes,5.386455573,50,5,84.02044456,1,421,No,Gold,17 to 22,3,3,2,332,T
0,No,No,Yes,No,Female,Married,Yes,Yes,4.737963408,56,5,157.3469795,1,422,Yes,Gold,17 to 22,3,3,2,332,T
0,No,No,Yes,No,Female,Married,Yes,Yes,5.964196343,34,6,119.1190188,1,423,Yes,Gold,17 to 22,2,1,5,215,T
0,No,No,Yes,No,Female,Married,Yes,Yes,13.65689663,142,7,129.4531287,1,424,No,Silver,17 to 22,1,5,1,151,T
0,No,No,Yes,Yes,Female,Married,Yes,Yes,5.472125816,86,7,89.6627975,1,425,No,Gold,17 to 22,3,5,1,351,T
0,No,No,Yes,Yes,Female,Married,Yes,Yes,4.011406023,75,9,84.05984908,1,426,Yes,Platnum,17 to 22,4,5,4,454,F
0,No,No,No,No,Female,Married,Yes,Yes,6.10489103,50,7,88.63301493,1,427,Yes,Gold,17 to 22,2,2,1,221,T
1,No,No,No,Yes,Female,Married,Yes,Yes,3.975455599,71,11,130.1179196,1,428,Yes,Gold,17 to 22,4,5,2,452,F
1,No,No,No,Yes,Female,Married,Yes,Yes,3.210472614,61,9,76.83408042,1,429,Yes,Gold,17 to 22,4,5,1,451,F
0,No,No,No,No,Female,Married,Yes,Yes,5.832521024,40,11,72.06000035,1,430,Yes,Gold,17 to 22,3,1,5,315,T
0,No,No,No,No,Female,Married,Yes,Yes,6.280684134,51,11,76.23459575,1,431,Yes,Gold,17 to 22,2,2,2,222,T
0,No,No,Yes,No,Female,Married,Yes,Yes,4.067066718,63,12,115.5534097,1,432,No,Gold,17 to 22,4,5,2,452,F
1,No,No,Yes,No,Female,Married,Yes,No,4.0168235,18,8,74.25425196,1,433,No,Standard,17 to 22,4,1,1,411,F
0,No,No,Yes,No,Female,Married,Yes,Yes,10.13144476,121,9,105.5390544,1,434,No,Silver,17 to 22,1,2,3,123,T
0,No,Yes,Yes,No,Female,Married,Yes,Yes,3.583080349,58,4,154.9006858,1,435,Yes,Gold,23 to 30,4,5,1,451,F
0,No,No,No,No,Female,Married,Yes,Yes,4.382539204,72,13,76.34377661,1,436,Yes,Gold,23 to 30,3,4,3,343,T
0,No,No,Yes,No,Female,Married,Yes,Yes,11.86063498,122,7,106.1761094,1,437,No,Silver,23 to 30,1,2,1,121,T
0,No,No,Yes,No,Female,Married,Yes,Yes,11.71781935,126,16,143.1855837,1,438,No,Silver,23 to 30,1,3,3,133,T
0,No,Yes,Yes,No,Female,Married,Yes,Yes,5.378914477,73,11,76.64613951,1,439,Yes,Gold,23 to 30,3,5,2,352,T
0,No,Yes,Yes,Yes,Female,Married,Yes,Yes,6.146281164,43,5,109.4740765,1,440,Yes,Gold,23 to 30,2,1,5,215,T
0,No,No,No,No,Female,Married,Yes,Yes,11.19384305,115,7,82.43585767,1,441,No,Silver,23 to 30,1,2,5,125,T
0,No,No,Yes,Yes,Female,Married,Yes,Yes,4.547104907,64,8,105.8746674,1,442,Yes,Gold,23 to 30,3,4,2,342,T
0,No,Yes,Yes,No,Female,Married,Yes,Yes,4.915642093,65,10,75.72109989,1,443,No,Gold,23 to 30,3,4,4,344,T
0,No,No,Yes,No,Female,Married,Yes,Yes,5.50303192,60,6,192.1801849,1,444,Yes,Gold,23 to 30,3,4,4,344,T
1,No,No,No,No,Female,Married,Yes,No,5.010501203,44,4,117.5598735,1,445,Yes,Gold,23 to 30,3,2,3,323,T
1,No,No,No,No,Female,Married,Yes,No,3.571530789,46,5,121.4261679,1,446,Yes,Gold,23 to 30,4,4,5,445,F
1,No,No,No,Yes,Female,Married,Yes,No,4.174198429,61,11,98.56179967,1,447,Yes,Gold,23 to 30,4,5,1,451,F
0,No,No,Yes,No,Female,Married,Yes,No,6.139008457,61,14,135.3188107,1,448,Yes,Gold,23 to 30,2,2,1,221,T
0,No,No,No,No,Female,Married,Yes,No,4.943762855,55,10,121.9588197,1,449,Yes,Gold,23 to 30,3,3,4,334,T
0,No,No,Yes,No,Female,Married,Yes,No,15.33706376,144,9,82.59347845,1,450,No,Silver,23 to 30,1,5,5,155,T
1,No,No,No,No,Female,Married,Yes,Yes,3.465219027,55,4,80.55266966,1,451,Yes,Gold,23 to 30,4,5,2,452,F
0,No,No,No,No,Female,Married,Yes,Yes,5.695801014,51,9,98.96658616,1,452,Yes,Gold,23 to 30,3,3,5,335,T
0,No,No,Yes,Yes,Female,Married,Yes,Yes,4.996537408,72,12,73.26529014,1,453,No,Gold,23 to 30,3,4,1,341,T
1,No,No,Yes,No,Female,Married,Yes,Yes,4.978031491,84,6,61.70304501,1,454,Yes,Gold,23 to 30,3,5,1,351,T
1,No,No,Yes,No,Female,Separated,Yes,Yes,5.986853198,37,10,52.7606343,1,455,Yes,Gold,23 to 30,2,1,5,215,T
0,No,No,No,No,Female,Separated,Yes,Yes,6.208946289,57,12,102.9805826,1,456,Yes,Gold,23 to 30,2,2,1,221,T
0,No,No,Yes,No,Female,Widowed,Yes,Yes,6.784083862,123,7,110.8450954,1,457,No,Silver,23 to 30,2,5,4,254,T
0,No,Yes,Yes,No,Female,Separated,Yes,Yes,5.289998432,41,12,111.0169128,1,458,Yes,Gold,23 to 30,3,1,5,315,T
1,No,No,No,Yes,Female,Separated,Yes,Yes,12.89374139,134,7,171.2397737,1,459,No,Silver,23 to 30,1,4,5,145,T
1,No,No,No,Yes,Female,Separated,Yes,Yes,5.386267466,70,10,86.84908711,1,460,Yes,Gold,23 to 30,3,4,3,343,T
0,No,No,Yes,No,Female,Married,Yes,Yes,6.242816194,158,9,124.135869,1,461,No,Silver,23 to 30,2,5,1,251,T
0,No,No,No,No,Female,Married,Yes,Yes,5.413652743,52,9,69.82660268,1,462,Yes,Gold,23 to 30,3,3,4,334,T
0,No,No,No,No,Female,Separated,Yes,Yes,5.391465385,62,5,97.50891956,1,463,Yes,Gold,23 to 30,3,4,4,344,T
0,Yes,No,Yes,No,Female,Married,Yes,Yes,13.5930535,146,7,67.71277499,1,464,No,Silver,23 to 30,1,5,2,152,T
0,No,No,No,Yes,Female,Separated,Yes,Yes,5.548593336,50,6,107.5885827,1,465,Yes,Gold,23 to 30,3,3,4,334,T
1,Yes,No,Yes,Yes,Female,Divorced,Yes,Yes,7.009069484,64,9,74.71516605,1,466,Yes,Platnum,23 to 30,2,2,4,224,T
0,No,No,Yes,No,Female,Separated,Yes,Yes,13.82466194,124,4,133.9720784,1,467,No,Silver,23 to 30,1,3,5,135,T
0,No,No,Yes,No,Female,Divorced,Yes,Yes,13.28881166,132,5,115.7141929,1,468,No,Silver,23 to 30,1,4,2,142,T
0,No,No,No,No,Female,Widowed,Yes,No,5.744213303,66,11,158.4542031,1,469,Yes,Gold,23 to 30,3,4,2,342,T
0,No,Yes,Yes,Yes,Female,Widowed,Yes,No,4.993371958,60,16,126.855254,1,470,Yes,Gold,23 to 30,3,4,3,343,T
1,No,No,No,No,Female,Separated,Yes,No,4.39765722,74,4,128.2165481,1,471,Yes,Gold,23 to 30,3,5,1,351,T
0,No,No,Yes,No,Female,Separated,Yes,No,4.306476891,29,9,136.8105817,1,472,Yes,Gold,23 to 30,4,2,5,425,F
0,No,No,Yes,Yes,Female,Single,Yes,Yes,7.377887971,133,7,118.2067347,1,473,No,Silver,23 to 30,2,5,4,254,T
1,No,Yes,Yes,Yes,Female,Single,Yes,Yes,5.799290888,67,11,138.8913182,1,474,Yes,Platnum,23 to 30,3,4,4,344,T
0,No,No,Yes,No,Female,Married,Yes,Yes,14.45732378,150,9,143.4345945,1,475,No,Silver,23 to 30,1,5,4,154,T
1,No,No,Yes,No,Female,Divorced,Yes,Yes,7.13012717,56,6,134.6864293,1,476,Yes,Gold,23 to 30,2,2,2,222,T
0,No,No,Yes,Yes,Female,Divorced,Yes,Yes,9.182621956,116,14,96.06241903,1,477,No,Silver,23 to 30,1,2,3,123,T
0,No,No,No,Yes,Female,Separated,Yes,Yes,4.408128974,47,10,71.63790968,1,478,No,Gold,23 to 30,3,2,5,325,T
0,No,No,Yes,No,Female,Widowed,Yes,Yes,12.58055089,114,6,138.5733573,1,479,No,Silver,23 to 30,1,2,2,122,T
1,No,Yes,Yes,No,Female,Separated,No,Yes,8.465069333,58,11,84.70114622,1,480,Yes,Platnum,23 to 30,2,2,3,223,T
0,No,No,Yes,No,Female,Widowed,No,Yes,4.413552096,55,11,73.46328935,1,481,Yes,Gold,23 to 30,3,3,5,335,T
0,No,No,Yes,Yes,Female,Single,No,Yes,4.883321558,39,4,82.79594112,1,482,Yes,Gold,23 to 30,3,1,5,315,T
0,No,No,Yes,Yes,Female,Single,No,Yes,10.53760347,126,11,83.0239695,1,483,No,Silver,31 to 40,1,3,4,134,T
0,No,No,Yes,No,Female,Married,No,Yes,17.06421127,129,7,98.06809159,1,484,No,Silver,31 to 40,1,3,1,131,T
1,No,No,Yes,Yes,Female,Divorced,No,Yes,6.316171851,84,11,105.4228905,1,485,Yes,Platnum,40 to 60,2,4,4,244,T
1,No,Yes,Yes,Yes,Female,Separated,No,Yes,4.361523039,79,9,92.56697624,1,486,Yes,Platnum,40 to 60,4,5,3,453,F
1,No,No,No,Yes,Female,Widowed,No,Yes,8.701229651,70,8,111.4164504,1,487,Yes,Platnum,31 to 40,1,1,4,114,T
1,No,No,No,No,Female,Married,No,Yes,3.430350199,64,9,151.5970374,1,488,Yes,Platnum,23 to 30,4,5,5,455,F
1,No,No,Yes,Yes,Female,Married,No,Yes,6.790826867,91,11,112.4737036,1,489,Yes,Platnum,31 to 40,2,4,2,242,T
1,No,No,Yes,Yes,Female,Married,No,Yes,5.586387627,97,9,89.75638346,1,490,Yes,Platnum,60 to 70,3,5,2,352,T
0,No,No,Yes,No,Female,Married,No,Yes,2.373007022,34,3,102.0521327,1,491,No,Premium,60 to 70,5,4,3,543,F
0,No,No,Yes,Yes,Female,Married,No,Yes,4.598974953,65,2,98.93502206,1,492,Yes,Gold,40 to 60,3,4,2,342,T
1,No,No,Yes,Yes,Female,Married,No,Yes,7.469736075,71,8,93.51071769,1,493,Yes,Platnum,23 to 30,2,3,4,234,T
0,No,No,Yes,No,Female,Widowed,No,Yes,10.13827211,140,4,109.5595587,1,494,No,Silver,40 to 60,1,5,1,151,T
1,No,No,Yes,Yes,Female,Separated,No,Yes,6.995505244,82,9,98.54771021,1,495,Yes,Platnum,23 to 30,2,4,4,244,T
0,No,No,No,No,Female,Widowed,No,Yes,2.394062323,53,16,105.2332264,1,496,Yes,Gold,31 to 40,5,5,5,555,F
0,No,No,Yes,No,Female,Widowed,No,Yes,15.07330822,126,9,134.4614779,1,497,No,Silver,60 to 70,1,3,1,131,T
1,No,No,Yes,No,Female,Widowed,No,Yes,7.922058722,63,10,36.53944485,1,498,Yes,Platnum,23 to 30,2,2,4,224,T
1,No,No,No,No,Female,Married,No,Yes,1.534193441,18,6,114.8356441,1,499,No,Standard,60 to 70,5,2,1,521,F
0,No,No,Yes,No,Female,Separated,No,Yes,10.88082257,131,6,153.4707399,1,500,No,Silver,40 to 60,1,3,4,134,T
1,No,No,Yes,Yes,Male,Single,No,Yes,8.574909578,98,6,101.9605422,1,501,Yes,Platnum,60 to 70,2,4,2,242,T
1,No,No,Yes,No,Female,Divorced,No,Yes,2.02857421,18,6,40.7410328,1,502,No,Standard,17 to 22,5,2,3,523,F
0,No,Yes,Yes,Yes,Male,Divorced,No,Yes,6.751297005,46,10,165.8061039,1,503,No,Premium,40 to 60,2,1,1,211,T
1,No,No,No,No,Male,Married,No,Yes,1.137979139,16,8,123.5114861,1,504,No,Standard,31 to 40,5,1,2,512,F
0,No,No,Yes,Yes,Male,Married,No,Yes,7.815805661,84,8,102.8632574,1,505,Yes,Platnum,40 to 60,2,4,5,245,T
0,No,Yes,Yes,No,Male,Widowed,No,Yes,6.951098712,77,7,147.277727,1,506,Yes,Platnum,31 to 40,2,3,2,232,T
0,No,No,Yes,No,Male,Widowed,No,Yes,6.618527213,29,11,104.8115653,1,507,Yes,Premium,31 to 40,2,1,1,211,T
1,No,No,Yes,Yes,Female,Separated,No,Yes,2.74496304,83,6,59.84039196,1,508,Yes,Platnum,17 to 22,4,5,3,453,F
0,No,No,No,Yes,Male,Single,No,Yes,2.582463118,39,11,116.9489111,1,509,Yes,Premium,31 to 40,4,3,3,433,F
0,No,Yes,Yes,No,Female,Widowed,No,Yes,3.174297434,35,5,79.44873563,1,510,No,Premium,31 to 40,4,3,5,435,F
1,No,No,Yes,No,Female,Widowed,No,Yes,1.592012832,16,10,124.3667524,1,511,Yes,Standard,17 to 22,5,1,4,514,F
0,No,No,No,No,Male,Widowed,No,Yes,5.8466263,43,7,76.86730181,1,512,No,Premium,17 to 22,3,2,2,322,T
1,No,Yes,Yes,Yes,Male,Separated,No,Yes,4.412655841,57,9,52.96797689,1,513,Yes,Platnum,23 to 30,3,3,5,335,T
0,No,No,No,No,Male,Divorced,No,Yes,3.626470523,36,9,105.647157,1,514,No,Premium,23 to 30,4,3,2,432,F
0,No,No,Yes,Yes,Male,Widowed,No,Yes,3.80754279,38,11,92.41489273,1,515,,Premium,17 to 22,4,3,1,431,F
1,No,No,Yes,No,Male,Married,No,Yes,2.626565189,93,6,69.72486573,1,516,Yes,Platnum,17 to 22,4,5,3,453,F
1,No,No,No,Yes,Male,Widowed,No,Yes,12.0764219,88,5,93.05789417,1,517,Yes,Platnum,60 to 70,1,1,2,112,T
0,No,No,Yes,No,Female,Separated,Yes,Yes,10.98083767,138,10,75.08028126,1,518,No,Silver,60 to 70,1,4,4,144,T
0,No,No,Yes,No,Female,Widowed,Yes,Yes,4.499332206,100,12,91.97215855,1,519,No,Silver,31 to 40,3,5,3,353,T
0,No,No,No,No,Male,Widowed,Yes,Yes,4.380853541,45,4,114.7297271,1,520,No,Gold,23 to 30,3,2,4,324,T
0,No,No,No,Yes,Male,Divorced,Yes,Yes,5.975937944,50,14,151.4117288,1,521,Yes,Gold,23 to 30,2,2,2,222,T
1,No,No,No,Yes,Female,Married,Yes,Yes,4.491183909,58,10,134.7552326,1,522,Yes,Gold,60 to 70,3,4,2,342,T
0,No,No,No,No,Male,Married,Yes,Yes,4.656248407,49,2,107.186602,1,523,Yes,Gold,40 to 60,3,3,2,332,T
1,No,Yes,No,Yes,Female,Widowed,Yes,Yes,4.520965586,46,2,62.59291729,1,524,Yes,Gold,23 to 30,3,2,5,325,T
0,No,No,Yes,No,Female,Single,Yes,Yes,4.131228154,46,8,57.21913521,1,525,Yes,Gold,31 to 40,4,4,4,444,F
0,No,No,Yes,No,Female,Separated,Yes,Yes,13.69651568,139,12,109.88905,1,526,No,Silver,31 to 40,1,4,2,142,T
1,No,No,Yes,Yes,Male,Married,Yes,No,3.526577206,63,7,66.4983904,1,527,Yes,Platnum,31 to 40,4,5,5,455,F
0,No,No,Yes,Yes,Female,Widowed,Yes,No,4.825329631,62,12,111.6044783,1,528,Yes,Gold,31 to 40,3,4,3,343,T
1,No,Yes,No,Yes,Male,Separated,Yes,No,4.407892443,55,5,123.4460969,1,529,Yes,Gold,23 to 30,3,3,3,333,T
0,No,Yes,Yes,Yes,Male,Widowed,Yes,No,16.1824379,125,12,86.56084739,1,530,No,Silver,60 to 70,1,3,2,132,T
0,No,Yes,No,No,Male,Separated,Yes,No,4.541341563,53,9,154.5643094,1,531,No,Gold,23 to 30,3,3,5,335,T
0,No,No,Yes,Yes,Female,Married,Yes,Yes,4.308673403,64,5,110.1901582,1,532,Yes,Gold,40 to 60,4,5,1,451,F
0,No,No,Yes,No,Female,Separated,Yes,Yes,4.460462831,63,9,128.0048355,1,533,Yes,Gold,23 to 30,3,4,2,342,T
1,No,No,No,Yes,Male,Widowed,Yes,Yes,4.59295803,47,11,105.2802915,1,534,Yes,Gold,40 to 60,3,2,5,325,T
1,No,No,Yes,No,Male,Married,Yes,Yes,6.013196028,56,11,90.09059062,1,535,Yes,Gold,40 to 60,2,2,3,223,T
0,No,No,Yes,No,Male,Separated,Yes,Yes,15.70650535,124,8,60.73152013,1,536,No,Silver,23 to 30,1,3,1,131,T
0,No,No,Yes,Yes,Male,Divorced,Yes,Yes,5.701897188,42,5,126.723667,1,537,Yes,Gold,17 to 22,3,2,5,325,T
0,No,No,No,Yes,Male,Separated,Yes,Yes,5.978644711,45,9,114.9487031,1,538,No,Gold,23 to 30,2,1,5,215,T
1,No,Yes,Yes,Yes,Male,Divorced,Yes,Yes,8.821503271,76,9,104.8229977,1,539,Yes,Platnum,40 to 60,1,1,4,114,T
0,No,Yes,Yes,Yes,Male,Married,Yes,Yes,9.101214882,137,6,107.4009837,1,540,No,Silver,17 to 22,1,4,3,143,T
0,No,No,Yes,No,Male,Widowed,Yes,Yes,4.718032218,58,11,92.61319363,1,541,Yes,Gold,17 to 22,3,4,1,341,T
0,No,No,Yes,No,Female,Widowed,Yes,Yes,8.065759183,143,8,28.59560616,1,542,No,Silver,23 to 30,2,5,4,254,T
0,No,No,Yes,No,Male,Single,Yes,Yes,1.34699841,34,10,88.59753962,1,543,,Premium,23 to 30,5,4,5,545,F
0,No,No,No,Yes,Female,Separated,Yes,Yes,3.703559807,37,7,99.39015051,1,544,No,Gold,31 to 40,4,3,5,435,F
0,No,No,Yes,No,Male,Married,Yes,Yes,5.025168568,60,6,93.00591884,1,545,Yes,Gold,31 to 40,3,4,2,342,T
0,No,No,Yes,No,Female,Single,Yes,Yes,6.434701022,53,5,112.2214751,1,546,Yes,Gold,23 to 30,2,2,3,223,T
1,No,No,Yes,Yes,Female,Divorced,Yes,Yes,6.226480057,94,5,114.5698554,1,547,Yes,Platnum,40 to 60,2,4,5,245,T
0,No,No,Yes,No,Male,Widowed,Yes,Yes,9.222893557,137,10,58.2390652,1,548,No,Silver,31 to 40,1,4,3,143,T
0,No,No,Yes,No,Female,Separated,Yes,Yes,11.59613155,135,8,108.8460974,1,549,No,Silver,31 to 40,1,4,2,142,T
0,No,No,Yes,No,Female,Widowed,Yes,Yes,12.63018499,147,13,112.0097635,1,550,No,Silver,23 to 30,1,5,4,154,T
0,No,No,Yes,No,Female,Widowed,Yes,Yes,9.231627469,141,14,127.7546765,1,551,No,Silver,23 to 30,1,5,1,151,T
0,No,No,Yes,Yes,Male,Divorced,Yes,Yes,5.874909126,45,7,71.42955882,1,552,Yes,Gold,23 to 30,2,1,5,215,T
0,No,No,Yes,No,Male,Married,Yes,Yes,10.66449852,145,7,113.3850438,1,553,No,Silver,23 to 30,1,5,2,152,T
0,No,No,No,No,Male,Widowed,Yes,Yes,5.816191504,54,6,77.43976593,1,554,Yes,Gold,40 to 60,3,3,3,333,T
1,No,No,Yes,No,Female,Married,Yes,Yes,4.375131742,85,6,103.7459032,1,555,Yes,Platnum,60 to 70,4,5,5,455,F
0,No,No,Yes,Yes,Male,Separated,Yes,Yes,5.320677625,133,13,99.71420502,1,556,No,Silver,31 to 40,3,5,5,355,T
0,No,No,Yes,No,Female,Separated,Yes,Yes,15.3301613,107,16,144.0514941,1,557,No,Silver,23 to 30,1,2,4,124,T
0,No,No,Yes,No,Female,Divorced,Yes,Yes,9.223323187,132,10,142.2479176,1,558,No,Silver,23 to 30,1,4,1,141,T
0,No,No,Yes,No,Female,Separated,Yes,Yes,6.899385101,150,8,92.36315916,1,559,No,Silver,23 to 30,2,5,5,255,T
1,No,Yes,No,Yes,Male,Divorced,Yes,Yes,5.439001698,62,15,45.92349279,1,560,Yes,Platnum,40 to 60,3,4,5,345,T
0,No,No,No,No,Male,Single,Yes,Yes,5.956739688,35,12,144.7309576,1,561,No,Premium,17 to 22,2,1,3,213,T
1,No,Yes,Yes,No,Female,Married,Yes,Yes,4.45343238,76,7,97.94034812,1,562,Yes,Gold,31 to 40,3,5,1,351,T
1,No,No,Yes,Yes,Male,Separated,Yes,Yes,8.387751366,130,8,71.62724848,1,563,No,Silver,23 to 30,2,5,3,253,T
0,No,Yes,No,Yes,Male,Single,Yes,Yes,3.895869577,46,8,109.3701945,1,564,Yes,Gold,23 to 30,4,4,5,445,F
1,No,No,No,No,Female,Married,Yes,Yes,5.407389274,37,10,62.80952723,1,565,Yes,Gold,40 to 60,3,1,5,315,T
0,No,No,Yes,No,Male,Separated,Yes,Yes,5.484624604,127,3,120.297872,1,566,No,Silver,60 to 70,3,5,5,355,T
0,No,No,Yes,No,Female,Divorced,Yes,Yes,10.81201831,118,8,55.77290565,1,567,No,Silver,17 to 22,1,2,3,123,T
0,No,Yes,Yes,Yes,Female,Widowed,Yes,Yes,8.822143378,76,5,74.37645328,1,568,Yes,Platnum,40 to 60,1,1,3,113,T
0,No,No,No,No,Female,Widowed,Yes,Yes,3.856120677,61,7,63.17709841,1,569,Yes,Gold,23 to 30,4,5,2,452,F
1,Yes,No,No,No,Female,Separated,Yes,Yes,3.278070184,34,12,81.35775612,1,570,Yes,Gold,31 to 40,4,3,5,435,F
0,No,No,Yes,No,Male,Widowed,Yes,Yes,5.853480326,63,11,93.61978273,1,571,Yes,Gold,31 to 40,3,4,1,341,T
0,No,No,Yes,Yes,Male,Divorced,Yes,Yes,5.74382429,45,6,107.6225264,1,572,Yes,Gold,31 to 40,3,2,4,324,T
0,No,No,Yes,Yes,Female,Separated,Yes,Yes,13.77175746,115,9,87.07788097,1,573,No,Silver,17 to 22,1,2,1,121,T
0,No,No,No,Yes,Male,Separated,Yes,Yes,4.657016318,48,10,76.1877242,1,574,Yes,Gold,23 to 30,3,3,5,335,T
0,No,No,Yes,No,Female,Married,Yes,Yes,5.024352223,53,8,156.6509892,1,575,Yes,Gold,40 to 60,3,3,3,333,T
0,No,No,Yes,No,Male,Widowed,Yes,Yes,8.596676965,114,7,124.4007137,1,576,No,Silver,40 to 60,1,2,2,122,T
0,No,No,Yes,No,Male,Separated,Yes,Yes,6.616858624,144,6,69.44357242,1,577,No,Silver,31 to 40,2,5,4,254,T
0,No,No,Yes,Yes,Female,Separated,Yes,No,5.123065092,59,8,67.21119729,1,578,Yes,Gold,40 to 60,3,4,3,343,T
1,No,Yes,Yes,No,Female,Widowed,Yes,No,5.463766841,49,7,88.81223452,1,579,No,Gold,23 to 30,3,3,3,333,T
0,No,No,No,No,Female,Single,Yes,No,5.30929983,50,7,86.60906675,1,580,Yes,Gold,23 to 30,3,3,2,332,T
0,No,No,Yes,No,Male,Widowed,Yes,No,10.42252464,130,9,104.0617071,1,581,No,Silver,17 to 22,1,3,2,132,T
1,No,Yes,Yes,No,Male,Married,Yes,Yes,3.406913228,61,9,50.14468358,1,582,Yes,Gold,31 to 40,4,5,1,451,F
0,No,No,No,Yes,Female,Widowed,Yes,Yes,6.599929147,60,4,139.1982142,1,583,Yes,Gold,23 to 30,2,2,2,222,T
1,No,No,Yes,No,Male,Widowed,Yes,Yes,3.828863061,61,11,66.85387678,1,584,Yes,Gold,31 to 40,4,5,3,453,F
1,No,No,Yes,No,Male,Married,Yes,Yes,6.535906447,72,10,108.5807775,1,585,Yes,Platnum,23 to 30,2,3,1,231,T
0,No,No,No,Yes,Male,Separated,No,Yes,5.327454618,80,8,84.76011267,1,586,Yes,Platnum,23 to 30,3,5,2,352,T
1,No,Yes,Yes,Yes,Female,Widowed,No,Yes,6.903504162,72,4,88.74944349,1,587,Yes,Platnum,40 to 60,2,3,3,233,T
0,No,No,Yes,No,Male,Separated,No,Yes,5.659631856,39,6,96.82918171,1,588,No,Premium,23 to 30,3,1,3,313,T
0,No,No,Yes,No,Female,Married,No,Yes,4.568530898,25,9,37.82979703,1,589,No,Premium,31 to 40,3,1,4,314,T
0,No,No,Yes,No,Female,Widowed,No,Yes,6.065673888,65,10,119.9802781,1,590,Yes,Platnum,40 to 60,2,2,5,225,T
1,No,No,Yes,No,Female,Widowed,No,Yes,8.771561471,66,3,90.74968761,1,591,Yes,Platnum,23 to 30,1,1,1,111,T
1,No,No,No,No,Female,Married,No,Yes,1.83691876,16,7,89.03050334,1,592,Yes,Standard,40 to 60,5,1,4,514,F
0,No,No,No,No,Male,Divorced,No,Yes,3.892893959,39,10,52.08684623,1,593,No,Premium,17 to 22,4,3,2,432,F
1,No,No,Yes,Yes,Female,Married,No,Yes,8.530624981,84,6,106.6408702,1,594,Yes,Platnum,23 to 30,2,4,4,244,T
1,No,No,Yes,Yes,Female,Widowed,No,Yes,7.55247442,97,6,129.099358,1,595,Yes,Platnum,17 to 22,2,4,4,244,T
0,No,No,Yes,No,Male,Separated,No,Yes,0.301729627,36,9,36.27444752,1,596,No,Premium,23 to 30,5,5,2,552,F
0,No,Yes,Yes,No,Male,Separated,No,Yes,7.57528534,90,14,77.06041821,1,597,Yes,Platnum,40 to 60,2,4,3,243,T
1,No,No,Yes,No,Male,Widowed,No,Yes,7.408349293,77,3,147.5911683,1,598,Yes,Platnum,23 to 30,2,3,4,234,T
1,No,No,No,No,Female,Single,No,Yes,5.324621035,74,6,64.16347983,1,599,Yes,Platnum,60 to 70,3,5,3,353,T
0,No,No,Yes,No,Male,Separated,No,Yes,5.113083205,46,11,87.27165422,1,600,Yes,Premium,17 to 22,3,2,1,321,T
0,No,No,Yes,Yes,Female,Divorced,No,Yes,9.06781614,121,10,106.5018364,1,601,No,Silver,60 to 70,1,2,4,124,T
0,No,No,No,No,Male,Separated,No,Yes,1.86956833,40,5,99.72127735,1,602,Yes,Premium,31 to 40,5,5,1,551,F
0,No,No,Yes,No,Male,Married,No,Yes,6.15311539,43,11,91.24696409,1,603,Yes,Premium,31 to 40,2,1,3,213,T
0,No,No,Yes,No,Female,Separated,No,Yes,2.29831906,42,8,40.84530323,1,604,Yes,Premium,23 to 30,5,5,2,552,F
0,No,No,Yes,No,Female,Married,No,Yes,5.633038296,49,10,104.7196363,1,605,Yes,Gold,17 to 22,3,3,2,332,T
0,No,No,No,No,Male,Married,No,Yes,4.382684045,52,8,129.299076,1,606,No,Premium,23 to 30,3,3,1,331,T
0,No,No,No,Yes,Female,Widowed,No,Yes,4.970934525,35,10,96.74965881,1,607,Yes,Gold,40 to 60,3,1,5,315,T
1,No,No,Yes,No,Female,Single,No,Yes,8.122001363,82,8,165.0738772,1,608,Yes,Platnum,23 to 30,2,4,2,242,T
1,No,No,No,No,Male,Married,No,Yes,1.964148257,16,10,73.12305472,1,609,No,Standard,31 to 40,5,1,1,511,F
1,No,No,Yes,No,Male,Widowed,No,Yes,4.185743959,44,7,139.6081561,1,610,Yes,Premium,23 to 30,4,4,3,443,F
0,No,No,No,No,Female,Single,No,Yes,4.011248675,34,6,151.6875149,1,611,No,Premium,40 to 60,4,3,4,434,F
1,No,Yes,No,No,Female,Widowed,No,Yes,3.503102968,20,10,131.2251294,1,612,No,Standard,40 to 60,4,1,5,415,F
1,No,No,No,Yes,Male,Divorced,No,Yes,3.185704933,21,9,114.3275702,1,613,No,Standard,17 to 22,4,2,2,422,F
0,No,No,Yes,No,Female,Single,No,Yes,5.325776439,42,7,91.00328879,1,614,No,Premium,31 to 40,3,2,2,322,T
0,No,No,No,No,Female,Widowed,No,Yes,4.091351003,37,11,81.7875298,1,615,No,Premium,31 to 40,4,3,3,433,F
1,No,No,Yes,No,Female,Single,No,Yes,3.767760188,43,8,92.59963309,1,616,No,Premium,60 to 70,4,4,3,443,F
1,No,Yes,Yes,No,Male,Single,No,Yes,7.614336139,86,9,107.8492505,1,617,Yes,Platnum,23 to 30,2,4,1,241,T
1,No,No,No,No,Male,Married,No,Yes,2.208089108,37,10,70.88930067,1,618,No,Premium,23 to 30,5,5,3,553,F
0,No,No,Yes,No,Female,Widowed,No,Yes,4.675112814,38,8,81.25207296,1,619,,Premium,23 to 30,3,1,3,313,T
0,No,No,No,Yes,Female,Married,No,Yes,3.779288023,46,11,113.5915139,1,620,No,Premium,31 to 40,4,4,1,441,F
1,No,Yes,Yes,Yes,Female,Married,No,Yes,9.255763837,76,10,97.04779652,1,621,Yes,Platnum,31 to 40,1,1,5,115,T
0,No,No,No,No,Female,Widowed,No,Yes,2.667867447,35,3,52.13524894,1,622,Yes,Premium,31 to 40,4,3,1,431,F
0,No,No,No,No,Male,Married,No,Yes,2.463175567,39,7,128.1452532,1,623,No,Premium,31 to 40,5,5,3,553,F
0,No,No,Yes,No,Female,Separated,No,Yes,2.511556472,30,9,79.25294372,1,624,No,Premium,31 to 40,5,4,2,542,F
0,No,No,No,No,Male,Married,No,Yes,3.516927207,37,9,123.5118045,1,625,No,Premium,40 to 60,4,3,2,432,F
0,No,No,No,No,Female,Married,No,Yes,0.858677678,44,12,118.4034863,1,626,No,Premium,23 to 30,5,5,2,552,F
1,No,No,No,No,Female,Divorced,No,Yes,4.43809024,22,3,75.06811755,1,627,Yes,Standard,60 to 70,3,1,1,311,T
0,No,No,Yes,No,Female,Widowed,No,Yes,4.966873388,31,3,135.3957286,1,628,,Premium,31 to 40,3,1,3,313,T
0,No,No,No,No,Female,Single,No,Yes,7.813947859,35,7,139.8097878,1,629,,Premium,60 to 70,2,1,2,212,T
1,No,Yes,No,No,Female,Married,No,Yes,2.638657907,15,10,120.3050264,1,630,Yes,Standard,23 to 30,4,1,5,415,F
1,No,No,No,No,Female,Widowed,Yes,Yes,6.919621741,38,4,90.03011853,1,631,No,Premium,60 to 70,2,1,4,214,T
1,No,Yes,Yes,Yes,Male,Divorced,No,Yes,4.767603955,72,9,96.24488917,1,632,Yes,Platnum,17 to 22,3,4,5,345,T
0,No,No,No,No,Female,Divorced,No,Yes,2.12690605,30,11,122.0124424,1,633,Yes,Premium,23 to 30,5,4,4,544,F
0,No,No,Yes,Yes,Male,Divorced,No,Yes,2.690002311,40,3,68.730649,1,634,,Premium,40 to 60,4,3,1,431,F
0,No,No,No,No,Female,Divorced,No,Yes,8.341753259,33,9,177.6019652,1,635,No,Premium,60 to 70,2,1,3,213,T
0,No,No,No,No,Male,Divorced,No,No,8.919176339,39,10,108.9400218,1,636,Yes,Premium,60 to 70,1,1,1,111,T
0,No,No,Yes,No,Male,Divorced,Yes,No,1.415671613,46,8,125.3515872,1,637,No,Premium,60 to 70,5,5,2,552,F
0,No,No,Yes,Yes,Male,Divorced,No,No,7.117280712,83,5,119.6214103,1,638,Yes,Platnum,60 to 70,2,4,5,245,T
0,No,No,No,No,Male,Divorced,No,Yes,4.913263673,42,10,109.1898345,1,639,No,Premium,60 to 70,3,2,1,321,T
1,No,No,No,No,Male,Divorced,No,Yes,4.704121255,41,9,67.24696247,1,640,No,Premium,60 to 70,3,1,3,313,T
0,No,No,No,No,Male,Divorced,No,Yes,2.468020962,40,9,134.7719152,1,641,No,Premium,60 to 70,5,5,3,553,F
0,No,No,No,Yes,Male,Divorced,No,Yes,1.986670583,30,7,113.5317279,1,642,,Premium,60 to 70,5,4,2,542,F
0,No,No,No,No,Male,Divorced,No,Yes,5.812064553,40,6,79.94783966,1,643,Yes,Premium,60 to 70,3,1,2,312,T
1,No,No,No,No,Male,Divorced,No,Yes,0.44907221,21,13,82.70706975,1,644,Yes,Standard,60 to 70,5,3,1,531,F
0,No,No,No,No,Male,Divorced,No,Yes,2.517068001,38,7,107.302784,1,645,No,Premium,60 to 70,5,5,5,555,F
0,No,No,No,No,Male,Divorced,No,Yes,3.720242022,46,8,87.12758917,1,646,No,Premium,60 to 70,4,4,2,442,F
0,No,No,No,Yes,Male,Divorced,No,Yes,1.357646928,42,7,115.1437905,1,647,No,Premium,60 to 70,5,5,4,554,F
0,No,No,Yes,Yes,Male,Divorced,No,Yes,5.54727,41,10,87.56378574,1,648,No,Premium,60 to 70,3,1,2,312,T
0,No,No,Yes,No,Male,Divorced,Yes,Yes,3.564973028,48,13,70.63238624,1,649,Yes,Premium,60 to 70,4,4,1,441,F
0,No,Yes,No,No,Male,Divorced,No,Yes,4.107769417,44,5,123.7960553,1,650,No,Premium,60 to 70,4,4,1,441,F
0,No,No,No,No,Male,Divorced,No,Yes,1.506508392,49,6,116.1287556,1,651,Yes,Premium,60 to 70,5,5,1,551,F
0,No,No,No,Yes,Male,Divorced,No,Yes,3.902468089,39,5,85.39311529,1,652,Yes,Premium,60 to 70,4,3,1,431,F
1,No,No,No,No,Male,Divorced,No,Yes,5.338322055,44,11,130.8992413,1,653,,Premium,60 to 70,3,2,3,323,T
1,No,No,Yes,Yes,Male,Divorced,No,Yes,5.217779707,94,6,115.5738952,1,654,Yes,Platnum,60 to 70,3,5,5,355,T
0,No,No,Yes,No,Male,Divorced,No,Yes,5.925760402,40,7,124.9770824,1,655,,Premium,60 to 70,2,1,3,213,T
0,No,No,Yes,No,Male,Divorced,No,Yes,1.741118331,41,7,109.7776121,1,656,No,Premium,60 to 70,5,5,3,553,F
0,No,No,Yes,No,Female,Married,No,Yes,6.22856284,40,14,66.15414381,1,657,No,Premium,23 to 30,2,1,3,213,T
0,No,No,No,No,Female,Widowed,No,Yes,1.890529476,39,13,84.51965841,1,658,No,Premium,17 to 22,5,5,5,555,F
0,No,No,No,Yes,Male,Separated,No,Yes,5.514515979,47,6,82.43100304,1,659,No,Premium,23 to 30,3,2,3,323,T
0,No,No,No,No,Female,Divorced,No,Yes,7.826044276,30,8,140.4533184,1,660,No,Premium,60 to 70,2,1,2,212,T
0,No,No,No,Yes,Male,Separated,No,Yes,2.363564271,38,8,61.83624904,1,661,No,Premium,40 to 60,5,5,2,552,F
1,No,No,No,No,Female,Widowed,Yes,Yes,3.558071512,22,9,146.789678,1,662,Yes,Standard,40 to 60,4,2,2,422,F
0,No,No,No,No,Male,Separated,No,Yes,4.240862317,41,5,87.03160195,1,663,No,Premium,17 to 22,4,3,3,433,F
0,No,No,No,Yes,Female,Widowed,No,Yes,5.313663014,44,7,108.2895663,1,664,No,Premium,31 to 40,3,2,3,323,T
0,No,No,No,No,Male,Separated,No,Yes,3.526789572,38,10,105.8089921,1,665,No,Premium,31 to 40,4,3,4,434,F
0,Yes,Yes,Yes,No,Female,Divorced,No,Yes,5.031048575,67,13,75.82584934,1,666,Yes,Platnum,40 to 60,3,4,4,344,T
1,No,No,No,No,Male,Separated,No,Yes,6.363600938,43,8,48.87182905,1,667,,Premium,31 to 40,2,1,1,211,T
1,No,No,Yes,No,Female,Married,No,No,10.5138657,84,11,88.31299096,1,668,Yes,Platnum,23 to 30,1,1,3,113,T
0,No,Yes,Yes,No,Female,Widowed,No,No,4.506492119,56,15,121.7070666,1,669,Yes,Gold,31 to 40,3,3,1,331,T
0,No,No,No,No,Female,Separated,No,No,1.35612901,44,7,93.49937266,1,670,No,Premium,17 to 22,5,5,4,554,F
0,No,Yes,Yes,No,Female,Divorced,No,Yes,1.284325456,53,11,132.2034507,1,671,No,Premium,23 to 30,5,5,3,553,F
0,No,No,No,No,Male,Divorced,No,Yes,6.394661088,36,12,122.364539,1,672,No,Premium,23 to 30,2,1,4,214,T
0,No,No,Yes,No,Female,Separated,No,Yes,6.20494789,74,9,98.0871538,1,673,Yes,Gold,40 to 60,2,3,1,231,T
1,No,No,No,Yes,Female,Widowed,No,Yes,8.252193105,81,5,103.4750668,1,674,Yes,Platnum,17 to 22,2,4,1,241,T
0,No,No,No,No,Female,Married,No,Yes,3.886059697,24,12,135.4561233,1,675,No,Premium,60 to 70,4,2,5,425,F
0,No,No,No,No,Male,Separated,Yes,Yes,3.389464203,32,11,87.16582302,1,676,No,Premium,23 to 30,4,3,5,435,F
0,No,No,No,No,Male,Separated,No,Yes,0.107575885,33,6,46.4588061,1,677,No,Premium,23 to 30,5,4,4,544,F
0,No,No,Yes,No,Male,Widowed,No,No,3.957530648,33,8,78.03305024,1,678,No,Premium,17 to 22,4,3,5,435,F
0,No,No,No,No,Male,Widowed,No,Yes,3.964216542,46,10,107.8589271,1,679,No,Premium,23 to 30,4,4,2,442,F
0,No,No,No,No,Male,Married,No,Yes,3.697377656,47,11,59.61907733,1,680,,Premium,31 to 40,4,4,2,442,F
0,No,No,No,Yes,Female,Widowed,No,Yes,4.235853171,47,7,131.1540401,1,681,No,Premium,31 to 40,4,4,2,442,F
0,No,No,No,No,Male,Separated,No,Yes,2.104923102,34,6,130.32589,1,682,,Premium,17 to 22,5,4,5,545,F
1,No,No,No,No,Female,Single,No,Yes,0.680667046,42,4,99.1762754,1,683,No,Premium,60 to 70,5,5,2,552,F
0,No,No,No,No,Female,Separated,No,Yes,7.958183552,41,11,75.00519248,1,684,No,Premium,60 to 70,2,1,4,214,T
0,No,No,No,No,Female,Married,No,Yes,2.961790028,50,3,95.7974501,1,685,No,Premium,60 to 70,4,4,4,444,F
0,No,No,No,No,Female,Widowed,No,Yes,7.166787473,40,5,142.1976813,1,686,No,Premium,23 to 30,2,1,1,211,T
0,No,No,No,No,Male,Single,No,Yes,1.364184521,41,9,109.1929766,1,687,No,Premium,23 to 30,5,5,5,555,F
0,No,No,No,No,Female,Divorced,No,Yes,2.855450301,47,10,108.0330962,1,688,No,Premium,40 to 60,4,4,3,443,F
1,No,No,No,Yes,Male,Separated,No,Yes,5.218547609,59,4,135.988311,1,689,Yes,Platnum,40 to 60,3,4,5,345,T
0,No,Yes,Yes,No,Male,Widowed,No,Yes,-0.376261311,34,7,118.8820142,1,690,,Premium,40 to 60,5,4,3,543,F
0,No,No,No,No,Male,Separated,No,Yes,3.974549347,33,5,89.50823863,1,691,No,Premium,23 to 30,4,3,2,432,F
0,No,No,No,No,Male,Separated,Yes,Yes,5.296516331,40,7,68.95075395,1,692,No,Premium,40 to 60,3,1,2,312,T
0,No,No,Yes,No,Female,Single,No,Yes,6.694643972,38,14,54.98413617,1,693,Yes,Premium,23 to 30,2,1,3,213,T
1,No,No,No,Yes,Male,Married,No,Yes,7.339358023,91,9,74.14766029,1,694,Yes,Platnum,31 to 40,2,4,4,244,T
1,No,No,Yes,Yes,Male,Single,No,Yes,8.856171169,66,6,131.2074677,1,695,Yes,Platnum,40 to 60,1,1,1,111,T
0,No,No,Yes,No,Female,Separated,No,Yes,5.054860968,38,2,39.43381193,1,696,,Premium,31 to 40,3,1,4,314,T
0,No,No,No,No,Female,Single,No,Yes,1.491201362,31,10,99.48763917,1,697,No,Premium,40 to 60,5,4,4,544,F
0,No,No,No,No,Male,Separated,No,Yes,3.805043051,43,6,131.6723833,1,698,No,Premium,23 to 30,4,4,3,443,F
0,No,No,Yes,No,Female,Single,No,Yes,5.288097976,49,14,43.11877502,1,699,No,Premium,23 to 30,3,3,1,331,T
0,No,No,No,No,Male,Separated,No,Yes,5.843093149,37,9,139.2568179,1,700,No,Premium,23 to 30,3,1,1,311,T
0,No,Yes,Yes,No,Male,Divorced,No,Yes,2.23940235,35,12,138.2457139,1,701,No,Premium,31 to 40,5,4,4,544,F
1,No,No,No,No,Male,Divorced,No,Yes,8.249510031,85,4,100.8019624,1,702,Yes,Platnum,23 to 30,2,4,2,242,T
1,No,No,No,No,Male,Widowed,No,Yes,2.073766387,16,2,93.23069617,1,703,No,Standard,40 to 60,5,1,3,513,F
1,No,No,No,No,Female,Married,No,Yes,1.582731847,17,10,62.51657102,1,704,No,Standard,31 to 40,5,2,5,525,F
0,No,No,No,No,Female,Widowed,No,Yes,2.425709921,53,5,89.96527992,1,705,No,Premium,17 to 22,5,5,4,554,F
0,No,No,No,No,Female,Widowed,No,Yes,5.915291387,46,7,94.45198896,1,706,No,Premium,23 to 30,2,1,2,212,T
0,No,Yes,Yes,No,Male,Married,No,Yes,3.862636989,46,12,112.0870998,1,707,No,Premium,60 to 70,4,4,4,444,F
0,No,No,Yes,Yes,Female,Married,No,Yes,9.821443969,87,6,54.46943233,1,708,Yes,Platnum,17 to 22,1,1,4,114,T
0,No,No,Yes,No,Female,Married,No,Yes,4.093331701,50,12,110.0679949,1,709,Yes,Gold,23 to 30,4,4,4,444,F
1,No,No,No,No,Female,Divorced,No,Yes,1.904917967,16,10,114.9145429,1,710,No,Standard,17 to 22,5,1,3,513,F
1,No,Yes,Yes,Yes,Female,Widowed,Yes,Yes,6.205409791,69,8,117.2364868,1,711,Yes,Gold,17 to 22,2,3,1,231,T
0,No,No,Yes,No,Female,Single,No,Yes,5.532970651,34,14,108.3197249,1,712,No,Premium,17 to 22,3,1,2,312,T
0,No,No,No,Yes,Female,Single,No,Yes,4.711229464,52,6,162.0910107,1,713,Yes,Gold,17 to 22,3,3,3,333,T
0,No,No,No,No,Female,Single,No,Yes,1.726664799,54,13,79.42662512,1,714,,Premium,17 to 22,5,5,4,554,F
0,No,No,No,No,Male,Single,No,Yes,1.694028678,38,12,92.67407353,1,715,Yes,Premium,17 to 22,5,5,4,554,F
0,No,No,No,No,Female,Single,No,Yes,9.084117324,36,8,44.30671185,1,716,Yes,Premium,17 to 22,1,1,1,111,T
0,No,No,Yes,No,Female,Single,No,Yes,5.436113671,44,12,78.3456498,1,717,No,Premium,17 to 22,3,2,2,322,T
0,No,No,Yes,No,Female,Single,No,Yes,-0.179485661,34,6,107.5295931,1,718,No,Premium,17 to 22,5,4,5,545,F
0,No,No,Yes,No,Male,Single,No,Yes,3.668403767,41,5,71.68968623,1,719,Yes,Premium,17 to 22,4,3,4,434,F
0,No,No,Yes,No,Male,Single,No,Yes,2.279640183,29,9,98.94776311,1,720,No,Premium,17 to 22,5,4,5,545,F
0,No,No,No,Yes,Male,Single,No,Yes,5.322710215,45,1,142.0954936,1,721,No,Premium,17 to 22,3,2,3,323,T
1,No,No,No,No,Male,Single,No,Yes,4.609061392,35,0,94.95430974,1,722,No,Premium,17 to 22,3,1,4,314,T
1,No,No,Yes,No,Male,Single,No,Yes,3.757441153,32,6,85.62070597,1,723,No,Premium,17 to 22,4,3,1,431,F
1,No,No,Yes,No,Male,Single,No,Yes,0.319507273,19,15,133.4008113,1,724,No,Standard,17 to 22,5,3,4,534,F
0,No,No,No,No,Male,Single,No,Yes,4.133557406,43,8,161.3626665,1,725,,Premium,17 to 22,4,4,2,442,F
0,No,No,No,No,Male,Single,Yes,No,3.241705128,44,8,57.21641938,1,726,No,Premium,17 to 22,4,4,1,441,F
0,No,No,No,No,Male,Single,No,Yes,1.499145074,41,11,67.26790092,1,727,No,Premium,17 to 22,5,5,1,551,F
0,No,No,Yes,No,Male,Single,No,Yes,4.376321132,36,11,105.4200724,1,728,No,Premium,17 to 22,3,1,4,314,T
1,No,No,No,No,Male,Single,No,Yes,2.17168821,17,8,100.3454464,1,729,No,Standard,17 to 22,5,2,2,522,F
1,No,No,No,No,Male,Single,No,Yes,2.521325527,39,9,119.2869189,1,730,No,Premium,17 to 22,5,5,1,551,F
0,No,No,No,No,Male,Single,No,Yes,3.112249115,42,4,38.38681906,1,731,No,Premium,17 to 22,4,4,2,442,F
1,No,No,Yes,No,Male,Single,No,Yes,5.203072974,88,4,98.75771702,1,732,Yes,Platnum,17 to 22,3,5,4,354,T
0,No,No,No,No,Male,Single,No,Yes,4.926572193,54,10,156.5747215,1,733,No,Premium,17 to 22,3,3,1,331,T
1,No,No,No,No,Male,Single,No,Yes,2.093655861,22,7,112.9350536,1,734,No,Standard,17 to 22,5,4,3,543,F
0,No,No,No,No,Male,Single,No,Yes,4.253496362,42,6,46.84318687,1,735,No,Premium,17 to 22,4,4,4,444,F
1,No,No,Yes,No,Male,Single,No,Yes,2.245085766,18,13,129.8853577,1,736,No,Standard,17 to 22,5,2,4,524,F
0,No,No,No,No,Male,Single,No,Yes,6.00047123,40,7,153.5500412,1,737,Yes,Premium,17 to 22,2,1,1,211,T
0,No,No,Yes,No,Male,Single,No,Yes,7.995106705,40,8,101.5552552,1,738,No,Premium,17 to 22,2,1,2,212,T
1,No,No,No,No,Male,Single,No,Yes,2.371447965,12,11,104.9051998,1,739,Yes,Standard,17 to 22,5,1,1,511,F
0,No,No,No,No,Male,Single,No,Yes,4.747305656,39,10,128.6899401,1,740,No,Premium,17 to 22,3,1,2,312,T
0,No,No,No,Yes,Male,Single,No,Yes,4.486891913,32,7,127.1107615,1,741,No,Premium,17 to 22,3,1,4,314,T
0,No,No,Yes,No,Male,Single,No,Yes,5.509656061,40,8,108.2281043,1,742,No,Premium,17 to 22,3,1,4,314,T
0,No,No,Yes,No,Male,Single,No,Yes,2.928984948,39,1,74.39079686,1,743,Yes,Premium,17 to 22,4,3,2,432,F
0,No,No,Yes,No,Male,Single,No,Yes,1.792049347,43,8,78.54374045,1,744,No,Premium,17 to 22,5,5,4,554,F
1,No,No,No,No,Male,Single,No,Yes,1.416100089,17,1,122.7052837,1,745,No,Standard,17 to 22,5,2,3,523,F
1,No,No,Yes,No,Male,Single,Yes,Yes,7.188474805,38,5,94.81986982,1,746,Yes,Gold,17 to 22,2,1,4,214,T
0,No,No,Yes,No,Male,Single,No,Yes,3.455950473,40,5,105.2692534,1,747,No,Premium,17 to 22,4,3,2,432,F
0,No,No,No,No,Male,Single,No,Yes,0.74601852,36,9,91.45171618,1,748,No,Premium,17 to 22,5,5,1,551,F
1,No,No,Yes,No,Male,Single,No,Yes,4.912626237,76,6,81.34973236,1,749,Yes,Platnum,17 to 22,3,5,4,354,T
1,No,No,No,No,Male,Single,No,Yes,4.533406933,43,10,139.9697671,1,750,,Premium,17 to 22,3,2,1,321,T
0,No,No,Yes,No,Male,Single,No,Yes,4.596048095,31,4,129.8029302,1,751,No,Premium,17 to 22,3,1,3,313,T
0,No,No,No,No,Male,Single,No,No,3.020338347,39,9,102.6790412,1,752,No,Premium,17 to 22,4,3,3,433,F
0,No,No,No,No,Male,Single,No,No,2.937104648,34,7,76.4456307,1,753,No,Premium,17 to 22,4,3,4,434,F
0,No,No,No,No,Male,Single,No,No,5.13075917,33,8,60.52989206,1,754,Yes,Premium,17 to 22,3,1,1,311,T
0,No,Yes,No,No,Male,Single,No,No,3.095683141,40,9,92.98253583,1,755,No,Premium,17 to 22,4,3,1,431,F
0,No,No,Yes,No,Male,Single,No,No,6.529042866,33,8,88.37382814,1,756,No,Premium,17 to 22,2,1,4,214,T
1,No,No,No,Yes,Male,Single,No,No,0.340915831,18,6,82.76098803,1,757,Yes,Standard,17 to 22,5,2,4,524,F
0,No,No,No,No,Male,Single,No,No,3.942791396,30,12,83.6020232,1,758,No,Premium,17 to 22,4,2,5,425,F
0,No,No,Yes,No,Male,Single,No,No,1.678652438,42,13,52.72689729,1,759,No,Premium,17 to 22,5,5,3,553,F
0,No,No,No,No,Male,Single,No,No,4.254623716,42,7,95.2712443,1,760,No,Premium,17 to 22,4,4,3,443,F
1,No,No,Yes,Yes,Male,Single,No,No,8.473689342,78,7,112.3883698,1,761,Yes,Platnum,17 to 22,2,3,5,235,T
1,No,No,Yes,No,Male,Single,No,No,2.586725118,27,11,84.30643035,1,762,No,Premium,17 to 22,4,2,4,424,F
1,No,No,No,No,Male,Single,No,No,5.776367232,38,9,117.9266109,1,763,No,Premium,17 to 22,3,1,2,312,T
1,No,No,No,No,Male,Single,No,No,3.341159995,49,7,167.0356325,1,764,No,Premium,17 to 22,4,4,1,441,F
1,No,No,No,No,Male,Single,No,No,1.860300152,16,9,99.82441803,1,765,No,Standard,17 to 22,5,1,2,512,F
0,No,No,Yes,No,Male,Single,No,No,4.029968715,29,9,82.3024924,1,766,No,Premium,17 to 22,4,2,5,425,F
0,No,No,No,No,Male,Single,No,No,5.211754378,44,10,106.2427755,1,767,No,Premium,17 to 22,3,2,3,323,T
0,No,No,No,No,Male,Single,No,No,4.042465594,37,5,124.7193204,1,768,No,Premium,17 to 22,4,3,2,432,F
1,No,No,Yes,No,Male,Single,No,No,0.647857273,11,9,147.817062,1,769,Yes,Standard,17 to 22,5,1,4,514,F
1,No,No,No,Yes,Male,Single,No,No,1.876714852,16,11,83.07119873,1,770,Yes,Standard,17 to 22,5,1,2,512,F
0,No,No,Yes,No,Male,Single,No,No,2.0716795,33,9,83.64537654,1,771,No,Premium,17 to 22,5,4,3,543,F
1,No,No,Yes,Yes,Male,Single,No,No,9.466825212,70,6,92.2834293,1,772,Yes,Platnum,17 to 22,1,1,3,113,T
0,No,No,No,No,Male,Single,No,No,3.199579197,38,8,63.7088469,1,773,No,Premium,17 to 22,4,3,3,433,F
0,No,No,No,No,Male,Single,No,No,1.199359556,38,5,52.26503488,1,774,No,Premium,17 to 22,5,5,1,551,F
0,No,No,Yes,No,Male,Single,No,No,4.425844202,45,11,69.61285041,1,775,,Premium,17 to 22,3,2,2,322,T
1,No,No,Yes,No,Male,Single,No,No,4.559545949,71,14,73.40876045,1,776,Yes,Platnum,17 to 22,3,4,5,345,T
0,No,No,Yes,No,Male,Single,No,Yes,5.513380663,46,7,87.40188977,1,777,No,Premium,17 to 22,3,2,1,321,T
0,No,No,No,No,Male,Single,No,Yes,6.120829563,27,10,135.1218683,1,778,No,Premium,17 to 22,2,1,4,214,T
0,No,No,No,No,Male,Single,No,Yes,5.120550774,43,5,83.67580958,1,779,No,Premium,17 to 22,3,2,2,322,T
0,No,No,No,No,Male,Single,No,Yes,3.174174916,33,7,90.87608094,1,780,No,Premium,17 to 22,4,3,3,433,F
0,No,Yes,No,Yes,Male,Single,No,Yes,3.371366414,36,8,46.76637389,1,781,Yes,Premium,17 to 22,4,3,4,434,F
0,No,No,No,No,Male,Single,No,Yes,2.247266697,26,5,88.135166,1,782,No,Premium,17 to 22,5,4,5,545,F
1,No,No,Yes,No,Male,Single,No,Yes,3.353223772,16,6,76.77991748,1,783,Yes,Standard,17 to 22,4,1,5,415,F
0,No,No,No,No,Male,Single,No,Yes,2.678444009,46,2,112.3996636,1,784,No,Premium,17 to 22,4,4,1,441,F
0,No,No,Yes,No,Male,Single,No,Yes,8.108947116,51,14,137.3162689,1,785,,Premium,17 to 22,2,2,1,221,T
0,No,No,No,No,Male,Single,No,Yes,4.451803184,41,7,117.393407,1,786,No,Premium,17 to 22,3,1,1,311,T